ID_estudiante,Grupo,Facultad,Seccion,Seccion_area,Genero,Anio_nacimiento,Ciclo_academico,Experiencia_previa_IA,D1_01,D1_02,D1_03,D1_04,D1_05,D1_06,D2_01,D2_02,D2_03,D2_04,D2_05,D2_06,D3_01,D3_02,D3_03,D3_04,D3_05,D3_06,D3_07,D3_08,D4_01,D4_02,D4_03,D4_04,D4_05,D4_06,OBJ_D1_01,OBJ_D1_02,OBJ_D1_03,OBJ_D1_04,OBJ_D1_05,OBJ_D1_06,OBJ_D2_01,OBJ_D2_02,OBJ_D2_03,OBJ_D2_04,OBJ_D2_05,OBJ_D2_06,OBJ_D3_01,OBJ_D3_02,OBJ_D3_03,OBJ_D3_04,OBJ_D3_05,OBJ_D3_06,OBJ_D3_07,OBJ_D3_08,OBJ_D4_01,OBJ_D4_02,OBJ_D4_03,OBJ_D4_04,OBJ_D4_05,OBJ_D4_06,Tiempo,Score_conocimiento,Score_D1,Score_conocimiento_D1,Score_D2,Score_conocimiento_D2,Score_D3,Score_conocimiento_D3,Score_D4,Score_conocimiento_D4,Score_total_autopercepcion
1,Experimental,Arte y Humanidades,4,Social Sciences/Education,Masculino,2002,6,Básica,3,4,4,3,3,4,4,3,4,3,2,3,5,5,4,5,4,4,5,4,5,3,4,3,4,3,1,1,1,0,0,0,1,1,0,0,1,0,1,1,1,1,0,1,1,1,1,1,1,1,0,1,T0,18,3.5,3,3.17,3,4.5,7,3.67,5,3.77
2,Experimental,Ciencias Sociales,4,Social Sciences/Education,Masculino,2002,6,Básica,3,3,4,3,3,2,2,2,2,2,2,1,4,4,4,4,4,4,4,4,2,2,3,4,3,2,1,1,1,0,1,0,1,0,0,0,0,0,1,1,1,1,1,1,0,0,1,0,0,0,0,0,T0,12,3.0,4,1.83,1,4.0,6,2.67,1,2.96
3,Experimental,Ciencias de la Salud,1,Engineering/Sciences,Masculino,2004,2,Básica,3,3,3,4,4,3,3,2,3,3,3,2,4,3,3,4,3,4,3,3,3,3,3,2,3,3,1,1,1,1,1,1,1,1,0,0,0,0,1,1,1,1,1,0,0,0,1,1,1,0,0,0,T0,16,3.33,6,2.67,2,3.38,5,2.83,3,3.08
4,Experimental,Ingeniería,2,Engineering/Sciences,Masculino,2004,5,Avanzada,3,3,2,2,2,3,2,2,2,2,2,2,2,2,2,2,2,2,2,2,2,2,2,2,2,2,1,1,0,0,0,0,0,0,0,0,0,0,0,1,0,1,0,0,0,0,0,0,0,0,0,0,T0,4,2.5,2,2.0,0,2.0,2,2.0,0,2.12
5,Experimental,Ingeniería,2,Engineering/Sciences,Masculino,2003,6,Básica,2,3,3,2,2,4,2,2,2,2,2,2,3,3,2,4,4,4,4,3,2,2,2,2,3,3,1,1,1,1,0,0,1,1,0,0,0,0,1,0,0,0,0,0,1,1,0,0,0,0,0,0,T0,9,2.67,4,2.0,2,3.38,3,2.33,0,2.65
6,Experimental,Ciencias de la Salud,1,Engineering/Sciences,Femenino,2001,8,Básica,3,4,4,5,4,5,3,2,2,2,2,4,3,4,3,3,4,3,4,2,2,2,2,2,3,2,1,1,0,1,1,1,0,0,1,1,0,0,1,0,1,1,1,1,0,0,1,0,0,0,0,1,T0,14,4.17,5,2.5,2,3.25,5,2.17,2,3.04
7,Experimental,Ciencias,1,Engineering/Sciences,No binario,2000,5,Básica,1,1,1,1,1,1,1,1,1,1,1,1,1,1,2,1,1,1,1,2,1,2,1,1,2,1,0,0,0,0,0,0,0,0,0,0,0,0,0,0,1,0,0,0,0,0,1,0,0,0,0,0,T0,2,1.0,0,1.0,0,1.25,1,1.33,1,1.15
8,Experimental,Educación,3,Social Sciences/Education,Masculino,2000,2,Ninguna,2,2,2,2,2,2,2,2,2,2,2,2,2,2,3,2,2,2,3,2,3,4,2,4,3,2,1,0,0,0,0,0,0,0,0,0,0,0,1,1,0,0,0,0,0,0,1,1,0,1,0,0,T0,6,2.0,1,2.0,0,2.25,2,3.0,3,2.31
9,Experimental,Ingeniería,2,Engineering/Sciences,Masculino,2005,4,Básica,4,3,5,5,5,4,3,5,3,2,3,1,5,4,4,4,3,1,4,4,3,4,2,2,2,3,1,1,1,0,0,1,1,0,0,0,1,0,1,1,1,1,1,1,0,0,0,1,1,0,0,0,T0,14,4.33,4,2.83,2,3.62,6,2.67,2,3.38
10,Experimental,Educación,3,Social Sciences/Education,Masculino,2002,6,Ninguna,2,1,1,1,1,1,1,1,1,1,1,1,1,1,1,1,1,1,1,1,2,1,1,1,1,1,0,1,0,0,0,0,1,0,0,0,0,0,0,0,0,0,0,0,0,0,0,0,0,0,0,0,T0,2,1.17,1,1.0,1,1.0,0,1.17,0,1.08
11,Experimental,Educación,3,Social Sciences/Education,Masculino,2002,2,Intermedia,4,3,2,3,4,3,2,2,2,2,3,2,3,4,2,3,3,3,2,3,3,2,2,2,3,3,1,1,1,1,1,0,0,0,0,1,0,0,1,1,1,0,0,0,0,0,1,0,0,0,0,0,T0,10,3.17,5,2.17,1,2.88,3,2.5,1,2.69
12,Experimental,Ciencias Sociales,4,Social Sciences/Education,Femenino,2005,6,Ninguna,2,2,3,3,3,2,2,2,2,2,2,2,3,3,2,2,3,5,3,2,3,3,3,2,3,4,1,0,0,0,1,0,1,0,0,0,0,0,1,1,0,0,1,1,0,0,0,1,0,0,0,1,T0,9,2.5,2,2.0,1,2.88,4,3.0,2,2.62
13,Experimental,Ciencias de la Salud,1,Engineering/Sciences,Femenino,2001,8,Intermedia,2,2,3,3,3,2,2,2,1,1,2,2,3,3,3,2,3,3,3,3,3,2,3,2,2,2,1,0,1,0,0,0,1,0,0,0,0,0,0,0,1,0,0,0,1,0,0,1,1,0,1,0,T0,8,2.5,2,1.67,1,2.88,2,2.33,3,2.38
14,Experimental,Educación,3,Social Sciences/Education,Masculino,1998,6,Básica,2,3,2,2,2,1,2,1,2,2,2,3,5,3,2,4,4,2,5,4,4,3,4,4,3,2,1,0,0,0,0,0,0,0,1,0,0,0,1,1,1,1,1,0,0,0,1,1,0,0,0,0,T0,9,2.0,1,2.0,1,3.62,5,3.33,2,2.81
15,Experimental,Ciencias,1,Engineering/Sciences,Masculino,2002,7,Básica,1,1,2,1,1,2,1,1,1,1,2,1,3,3,2,3,3,3,3,3,2,3,3,4,3,2,0,0,0,0,0,0,0,0,0,0,0,0,0,1,1,0,0,0,0,0,0,0,0,0,1,0,T0,3,1.33,0,1.17,0,2.88,2,2.83,1,2.12
16,Experimental,Ciencias,1,Engineering/Sciences,Femenino,2001,10,Ninguna,1,1,1,1,1,1,1,1,1,1,1,1,1,1,1,1,1,1,1,1,1,1,1,1,1,1,1,0,0,0,0,0,1,0,0,0,0,0,1,0,0,0,0,0,0,0,0,0,0,0,0,0,T0,3,1.0,1,1.0,1,1.0,1,1.0,0,1.0
17,Experimental,Ciencias Sociales,4,Social Sciences/Education,Femenino,2001,10,Básica,3,4,5,4,3,3,4,3,4,3,3,3,4,4,3,3,4,3,3,3,4,4,3,4,5,4,1,0,1,0,0,0,1,1,1,0,0,0,1,0,1,0,1,0,1,0,1,1,1,0,0,0,T0,12,3.67,2,3.33,3,3.38,4,4.0,3,3.58
18,Experimental,Educación,3,Social Sciences/Education,Femenino,2002,3,Básica,4,4,4,4,4,2,3,3,3,3,2,3,4,4,3,4,4,4,4,3,5,5,4,4,3,3,1,0,0,0,0,1,1,1,1,0,0,0,1,1,1,1,1,0,0,0,1,1,1,1,1,0,T0,15,3.67,2,2.83,3,3.75,5,4.0,5,3.58
19,Experimental,Ingeniería,2,Engineering/Sciences,No binario,2005,9,Intermedia,4,3,2,4,2,2,3,3,3,3,2,2,1,1,1,1,2,2,2,2,2,2,2,3,3,1,1,1,1,1,0,0,0,0,1,0,0,0,0,0,0,1,1,0,0,0,1,0,0,0,0,0,T0,8,2.83,4,2.67,1,1.5,2,2.17,1,2.23
20,Experimental,Ciencias Sociales,4,Social Sciences/Education,Femenino,2003,6,Básica,3,3,2,2,2,3,2,1,2,1,2,1,3,4,3,3,3,3,2,2,1,1,1,1,1,2,1,0,0,0,0,0,1,0,0,0,0,0,1,1,0,0,0,0,0,0,0,0,0,0,0,0,T0,4,2.5,1,1.5,1,2.88,2,1.17,0,2.08
21,Experimental,Educación,3,Social Sciences/Education,Masculino,2000,6,Básica,1,1,2,1,1,5,2,1,2,1,1,5,5,5,5,5,5,2,5,5,1,2,1,2,1,1,0,0,1,0,0,0,0,0,0,0,0,0,1,0,1,0,1,1,0,1,0,0,0,0,0,1,T0,7,1.83,1,2.0,0,4.62,5,1.33,1,2.62
22,Experimental,Ingeniería,2,Engineering/Sciences,Femenino,2004,5,Básica,2,2,2,2,2,2,2,2,2,2,2,2,4,3,3,4,3,3,3,2,3,2,2,3,2,3,0,0,1,0,0,0,0,0,0,0,0,0,1,1,1,0,1,1,0,0,1,1,0,0,0,0,T0,8,2.0,1,2.0,0,3.12,5,2.5,2,2.46
23,Experimental,Ingeniería,2,Engineering/Sciences,No binario,2001,4,Ninguna,2,2,3,2,2,2,1,1,2,2,2,2,2,4,3,3,2,2,3,3,3,4,3,3,3,3,0,1,0,0,0,0,0,0,0,0,0,0,1,1,0,1,0,0,1,1,1,0,0,0,0,0,T0,7,2.17,1,1.67,0,2.75,5,3.17,1,2.46
24,Experimental,Ciencias,1,Engineering/Sciences,Masculino,2003,4,Básica,2,1,1,2,2,3,1,2,1,1,1,1,3,3,3,3,2,2,2,1,1,1,1,1,1,1,0,1,0,1,0,0,0,0,1,0,0,0,1,1,0,1,0,0,1,0,0,0,0,0,0,0,T0,7,1.83,2,1.17,1,2.38,4,1.0,0,1.65
25,Experimental,Ingeniería,2,Engineering/Sciences,Femenino,2004,4,Básica,4,4,4,4,4,3,3,2,2,2,3,4,4,5,4,4,3,4,2,5,3,3,3,3,4,2,0,1,0,1,0,1,0,0,1,0,0,0,1,1,1,0,0,1,0,0,0,0,0,0,0,0,T0,8,3.83,3,2.67,1,3.88,4,3.0,0,3.38
26,Experimental,Ciencias de la Salud,1,Engineering/Sciences,Femenino,1999,8,Básica,1,1,2,1,1,1,1,1,1,1,1,1,2,1,1,1,2,1,1,2,2,1,1,2,1,1,0,0,0,0,0,0,0,0,0,0,0,0,0,1,0,0,0,0,0,0,1,0,0,0,0,0,T0,2,1.17,0,1.0,0,1.38,1,1.33,1,1.23
27,Experimental,Ingeniería,2,Engineering/Sciences,Femenino,2002,3,Básica,2,2,3,2,3,3,2,3,2,2,4,2,4,4,4,4,4,4,5,5,3,3,2,2,3,3,1,0,0,1,0,0,1,0,0,0,0,0,1,1,1,1,0,1,1,0,1,0,1,1,1,0,T0,13,2.5,2,2.5,1,4.25,6,2.67,4,3.08
28,Experimental,Educación,3,Social Sciences/Education,Femenino,2000,5,Básica,2,2,2,3,4,3,2,2,2,2,1,1,2,1,1,2,1,1,1,1,2,2,2,1,2,1,1,1,1,0,1,1,0,0,0,0,0,0,0,1,1,0,0,0,0,0,1,0,0,0,0,0,T0,8,2.67,5,1.67,0,1.25,2,1.67,1,1.77
29,Experimental,Ciencias,1,Engineering/Sciences,Femenino,2003,6,Ninguna,2,3,2,3,2,3,3,3,3,3,3,4,3,3,3,3,4,4,4,3,4,3,3,4,3,4,0,0,0,1,0,0,1,0,0,1,0,0,0,1,1,0,0,0,0,0,1,1,0,0,0,0,T0,7,2.5,1,3.17,2,3.38,2,3.5,2,3.15
30,Experimental,Ingeniería,2,Engineering/Sciences,Femenino,1998,6,Intermedia,1,1,1,2,1,1,1,1,1,1,1,1,5,2,5,1,2,5,5,1,5,1,1,2,1,2,0,0,0,0,0,1,0,0,0,0,0,0,1,1,1,0,0,0,0,0,1,0,1,0,0,0,T0,6,1.17,1,1.0,0,3.25,3,2.0,2,1.96
31,Experimental,Educación,3,Social Sciences/Education,Masculino,2001,8,Ninguna,3,3,2,3,4,3,1,1,1,1,1,1,3,5,4,4,4,3,4,4,2,2,1,3,2,2,1,1,0,0,0,1,0,0,0,0,0,0,1,1,0,1,0,1,1,0,1,0,0,0,0,0,T0,9,3.0,3,1.0,0,3.88,5,2.0,1,2.58
32,Experimental,Educación,3,Social Sciences/Education,Femenino,1998,4,Ninguna,3,3,3,3,4,3,4,4,3,4,3,3,3,2,3,3,3,2,3,3,2,3,2,2,4,3,1,1,1,0,1,1,0,1,1,0,0,1,1,1,0,0,0,0,0,1,1,1,0,0,0,0,T0,13,3.17,5,3.5,3,2.75,3,2.67,2,3.0
33,Experimental,Ingeniería,2,Engineering/Sciences,No binario,1999,5,Básica,3,3,3,4,3,3,3,2,3,3,4,3,3,2,2,3,2,3,4,3,3,2,3,3,3,3,0,1,1,0,0,0,0,1,0,0,1,0,1,0,0,1,0,0,0,0,1,0,0,0,0,0,T0,7,3.17,2,3.0,2,2.75,2,2.83,1,2.92
34,Experimental,Ciencias de la Salud,1,Engineering/Sciences,Masculino,2000,2,Básica,2,1,1,2,3,2,2,2,2,1,1,1,2,2,2,2,1,2,2,3,2,2,3,3,2,2,0,0,0,1,0,0,1,0,0,0,1,0,0,1,0,1,0,0,0,0,0,0,1,0,0,0,T0,6,1.83,1,1.5,2,2.0,2,2.33,1,1.92
35,Experimental,Ciencias,1,Engineering/Sciences,Masculino,2004,2,Básica,3,1,2,2,2,3,1,1,1,1,2,3,3,2,3,3,3,3,2,2,1,1,1,2,2,2,1,0,0,0,0,0,0,1,0,0,0,0,1,0,0,1,0,0,0,0,0,0,0,0,0,0,T0,4,2.17,1,1.5,1,2.62,2,1.5,0,2.0
36,Experimental,Ingeniería,2,Engineering/Sciences,Masculino,1999,4,Básica,3,3,3,3,2,3,3,2,2,2,2,1,1,2,1,3,2,2,2,2,3,2,2,1,3,3,0,1,1,1,1,1,1,0,0,0,0,0,1,0,0,1,0,0,0,0,1,0,0,1,0,1,T0,11,2.83,5,2.0,1,1.88,2,2.33,3,2.23
37,Experimental,Ciencias Sociales,4,Social Sciences/Education,Femenino,2000,4,Básica,3,2,3,3,2,3,2,2,3,2,3,3,2,1,3,2,2,2,4,3,1,1,2,1,1,2,0,0,0,1,0,0,1,0,0,0,0,0,1,0,0,0,0,0,0,0,0,0,0,0,0,0,T0,3,2.67,1,2.5,1,2.38,1,1.33,0,2.23
38,Experimental,Ingeniería,2,Engineering/Sciences,Masculino,1998,10,Avanzada,3,2,2,3,3,2,2,3,2,2,2,4,3,3,5,4,3,4,3,4,3,3,4,4,3,3,0,0,1,0,0,0,1,1,0,0,0,1,1,0,1,1,1,0,1,1,1,1,1,1,0,0,T0,14,2.5,1,2.5,3,3.62,6,3.33,4,3.04
39,Experimental,Ciencias,1,Engineering/Sciences,Masculino,2005,7,Básica,1,1,1,2,1,2,1,1,1,2,2,3,2,2,3,4,3,3,2,3,1,2,1,2,2,1,1,0,0,1,1,0,0,1,0,0,0,0,1,0,0,0,1,0,0,0,1,0,0,0,0,1,T0,8,1.33,3,1.67,1,2.75,2,1.5,2,1.88
40,Experimental,Ciencias,1,Engineering/Sciences,Masculino,2003,5,Básica,3,4,4,5,4,3,3,3,3,2,3,2,3,3,2,4,2,2,3,4,3,2,4,3,4,3,1,1,1,1,0,0,0,1,0,0,0,0,1,1,1,0,0,0,0,0,1,1,1,0,0,0,T0,11,3.83,4,2.67,1,2.88,3,3.17,3,3.12
41,Experimental,Educación,3,Social Sciences/Education,Masculino,2004,5,Avanzada,2,2,1,2,3,1,2,3,2,2,2,2,4,4,3,3,3,3,3,4,2,3,2,1,3,1,0,0,0,0,0,0,1,0,0,1,0,0,0,1,1,1,1,0,0,0,0,0,0,0,0,0,T0,6,1.83,0,2.17,2,3.38,4,2.0,0,2.42
42,Experimental,Arte y Humanidades,4,Social Sciences/Education,Masculino,2001,3,Ninguna,3,4,3,5,4,4,3,2,2,3,3,3,4,4,4,4,5,4,4,5,5,3,5,4,3,4,1,1,1,1,0,0,1,1,0,0,0,0,1,1,1,1,0,1,1,1,1,0,1,0,1,0,T0,16,3.83,4,2.67,2,4.25,7,4.0,3,3.73
43,Experimental,Ciencias Sociales,4,Social Sciences/Education,No binario,2004,4,Básica,1,2,2,2,3,2,1,1,1,1,1,1,1,1,3,2,1,1,2,1,1,1,1,1,1,2,1,1,0,0,0,0,0,0,1,1,0,0,1,0,0,0,1,0,0,0,0,0,0,0,0,0,T0,6,2.0,2,1.0,2,1.5,2,1.17,0,1.42
44,Experimental,Ciencias,1,Engineering/Sciences,Masculino,2004,6,Básica,2,2,2,2,2,2,3,2,2,3,2,2,3,3,3,4,3,4,2,4,3,3,4,4,3,2,0,0,0,0,0,0,1,0,0,0,0,0,0,1,0,1,1,0,0,0,1,0,1,1,0,0,T0,7,2.0,0,2.33,1,3.25,3,3.17,3,2.73
45,Experimental,Ciencias de la Salud,2,Engineering/Sciences,Femenino,1998,10,Básica,2,3,2,3,3,3,3,3,3,3,3,2,3,3,3,3,3,2,5,2,5,4,3,4,5,3,1,1,0,0,0,1,1,0,1,0,0,0,0,1,1,0,1,0,0,1,1,1,0,0,1,0,T0,12,2.67,3,2.83,2,3.0,4,4.0,3,3.12
46,Experimental,Ciencias de la Salud,2,Engineering/Sciences,Femenino,2005,4,Básica,3,2,3,3,2,3,1,1,2,1,1,1,2,2,2,2,2,2,2,1,2,2,2,2,2,1,1,1,1,0,0,0,0,0,0,0,1,0,1,1,0,1,0,0,0,0,1,1,0,0,1,0,T0,10,2.67,3,1.17,1,1.88,3,1.83,3,1.88
47,Experimental,Ciencias,1,Engineering/Sciences,Femenino,2003,3,Básica,3,2,2,3,3,2,3,2,2,2,1,3,3,3,4,3,3,3,4,3,3,3,3,2,2,3,1,1,1,0,0,0,1,1,0,0,0,0,0,1,1,1,0,1,0,0,1,0,0,0,0,0,T0,10,2.5,3,2.17,2,3.25,4,2.67,1,2.69
48,Experimental,Ciencias,1,Engineering/Sciences,Femenino,2002,6,Intermedia,2,1,2,1,2,1,1,1,1,1,1,1,2,2,2,1,2,2,2,2,2,3,1,2,3,2,0,1,0,0,0,0,0,0,0,0,0,1,1,0,1,1,0,0,0,0,1,0,0,0,1,0,T0,7,1.5,1,1.0,1,1.88,3,2.17,2,1.65
49,Experimental,Ingeniería,2,Engineering/Sciences,Masculino,2005,7,Básica,3,3,2,2,2,3,1,2,1,1,1,1,2,2,2,4,2,2,4,3,3,2,2,3,3,2,1,0,1,1,0,0,0,0,0,0,0,0,1,1,0,0,0,1,1,0,1,1,0,0,0,0,T0,9,2.5,3,1.17,0,2.62,4,2.5,2,2.23
50,Experimental,Educación,3,Social Sciences/Education,Femenino,2004,9,Ninguna,2,1,2,1,2,1,2,1,1,1,1,2,2,2,2,2,2,3,3,3,3,1,1,2,2,1,0,0,0,0,0,0,0,0,0,0,0,0,0,1,0,0,0,0,0,0,0,0,0,0,0,0,T0,1,1.5,0,1.33,0,2.38,1,1.67,0,1.77
51,Experimental,Arte y Humanidades,4,Social Sciences/Education,Femenino,1999,6,Ninguna,2,2,5,2,2,2,2,2,1,2,2,1,1,5,5,5,2,5,2,5,5,2,5,2,2,5,0,1,1,0,0,0,1,0,0,0,0,0,1,1,0,1,0,0,1,0,1,1,0,0,0,1,T0,10,2.5,2,1.67,1,3.75,4,3.5,3,2.92
52,Experimental,Ciencias,1,Engineering/Sciences,Femenino,2001,8,Avanzada,1,2,1,1,1,1,1,1,1,1,1,1,3,3,3,2,2,2,3,3,2,2,3,2,3,1,0,0,1,0,0,0,0,0,0,1,0,0,1,0,1,0,1,0,0,0,0,0,0,0,0,0,T0,5,1.17,1,1.0,1,2.62,3,2.17,0,1.81
53,Experimental,Educación,3,Social Sciences/Education,Femenino,2000,2,Básica,3,3,4,2,3,3,5,4,5,5,4,5,4,4,4,5,5,3,4,4,5,5,5,5,4,4,0,0,0,0,1,0,1,1,1,1,1,1,1,1,1,1,1,1,0,1,1,1,1,1,1,0,T0,19,3.0,1,4.67,6,4.12,7,4.67,5,4.12
54,Experimental,Arte y Humanidades,4,Social Sciences/Education,Masculino,2000,4,Básica,4,4,2,4,3,3,2,3,2,2,2,2,4,2,3,1,2,4,1,2,3,3,3,2,4,3,1,0,0,0,1,1,1,1,0,0,0,0,1,0,0,1,0,0,1,0,1,1,1,0,1,0,T0,12,3.33,3,2.17,2,2.38,3,3.0,4,2.69
55,Experimental,Arte y Humanidades,4,Social Sciences/Education,Femenino,2003,5,Básica,2,2,1,2,2,1,1,2,1,2,1,1,1,2,3,2,2,2,1,3,2,1,2,2,1,1,1,0,0,0,0,0,0,0,0,0,0,0,1,0,1,0,0,0,0,0,0,0,0,0,0,0,T0,3,1.67,1,1.33,0,2.0,2,1.5,0,1.65
56,Experimental,Ciencias,1,Engineering/Sciences,Masculino,2005,4,Básica,4,4,3,4,4,5,1,2,2,1,2,2,4,4,3,4,5,4,4,3,1,2,2,2,2,2,1,1,1,1,0,0,0,1,0,0,0,0,1,0,0,1,1,1,1,0,0,1,0,1,0,0,T0,12,4.0,4,1.67,1,3.88,5,1.83,2,2.92
57,Experimental,Ciencias Sociales,4,Social Sciences/Education,Femenino,2004,8,Básica,3,2,1,2,2,2,2,2,1,3,2,3,3,3,3,3,3,3,2,2,2,2,2,2,2,1,1,1,0,0,0,0,0,0,0,0,0,0,1,1,1,0,0,0,0,0,0,0,1,0,0,0,T0,6,2.0,2,2.17,0,2.75,3,1.83,1,2.23
58,Experimental,Ingeniería,2,Engineering/Sciences,Femenino,1998,2,Ninguna,2,3,3,3,2,3,3,3,2,3,2,3,3,3,3,4,3,4,3,5,3,3,4,2,3,3,0,1,0,1,0,0,1,0,0,0,0,0,0,1,1,1,1,0,0,0,1,0,1,0,0,0,T0,9,2.67,2,2.67,1,3.5,4,3.0,2,3.0
59,Experimental,Ingeniería,2,Engineering/Sciences,Femenino,2000,7,Básica,3,3,3,3,2,3,1,1,2,2,1,1,4,4,3,4,5,5,5,5,3,3,3,4,2,4,1,0,1,0,0,0,1,0,0,0,0,1,1,1,1,1,1,0,1,0,1,1,0,0,1,0,T0,13,2.83,2,1.33,2,4.38,6,3.17,3,3.04
60,Experimental,Educación,3,Social Sciences/Education,Femenino,1999,9,Intermedia,1,1,1,1,1,2,1,1,1,1,1,1,3,2,1,2,2,2,2,2,1,3,1,2,2,1,0,0,0,0,0,0,0,0,0,0,0,0,1,0,0,1,0,0,0,0,0,0,0,0,0,0,T0,2,1.17,0,1.0,0,2.0,2,1.67,0,1.5
61,Experimental,Educación,3,Social Sciences/Education,Masculino,2004,4,Básica,1,2,2,3,2,1,1,2,2,1,1,1,4,3,4,3,4,3,3,1,2,3,2,3,3,2,1,1,0,0,0,0,0,0,0,0,0,0,0,1,0,1,1,0,0,0,1,1,0,0,0,0,T0,7,1.83,2,1.33,0,3.12,3,2.5,2,2.27
62,Experimental,Ciencias,1,Engineering/Sciences,Femenino,2000,4,Básica,1,1,2,2,2,1,1,1,1,1,1,1,2,2,2,3,2,1,3,2,1,1,2,1,1,1,1,0,0,1,0,0,0,0,0,0,0,0,0,1,0,0,0,0,0,0,1,0,0,0,0,0,T0,4,1.5,2,1.0,0,2.12,1,1.17,1,1.5
63,Experimental,Ingeniería,2,Engineering/Sciences,Femenino,2000,6,Básica,5,5,5,4,3,4,3,3,2,3,3,3,3,4,3,2,3,2,2,5,3,3,3,4,2,4,1,1,1,0,1,1,1,1,0,0,0,0,1,1,0,1,0,0,0,1,1,1,0,1,0,0,T0,14,4.33,5,2.83,2,3.0,4,3.17,3,3.31
64,Experimental,Ciencias,1,Engineering/Sciences,Masculino,2004,7,Básica,5,5,3,4,3,4,4,4,3,4,3,3,2,2,2,3,2,3,3,3,3,2,3,3,2,2,0,1,1,1,1,0,1,1,1,0,0,1,1,0,1,0,0,0,1,1,1,0,0,1,0,0,T0,14,4.0,4,3.5,4,2.5,4,2.5,2,3.08
65,Experimental,Ciencias de la Salud,2,Engineering/Sciences,Femenino,2004,7,Básica,2,3,3,3,5,3,4,4,4,3,5,3,3,2,3,3,3,5,2,4,5,1,4,3,1,3,1,0,1,0,0,0,1,1,1,1,0,1,1,1,0,0,1,0,0,0,1,0,0,1,0,0,T0,12,3.17,2,3.83,5,3.12,3,2.83,2,3.23
66,Experimental,Ciencias Sociales,4,Social Sciences/Education,Femenino,2000,6,Básica,1,1,1,1,1,1,1,1,1,1,1,2,1,1,1,1,1,1,1,2,1,1,1,1,1,1,1,0,0,0,0,0,0,0,0,0,0,0,1,0,0,1,0,0,0,0,0,0,0,0,0,0,T0,3,1.0,1,1.17,0,1.12,2,1.0,0,1.08
67,Experimental,Arte y Humanidades,4,Social Sciences/Education,Femenino,2001,3,Avanzada,5,3,3,3,4,3,2,3,2,2,2,2,4,4,5,4,4,4,4,5,2,2,2,3,2,2,1,0,1,1,0,0,0,1,0,0,0,0,1,1,1,1,1,1,1,0,1,0,0,0,0,0,T0,12,3.5,3,2.17,1,4.25,7,2.17,1,3.12
68,Experimental,Ciencias,1,Engineering/Sciences,Femenino,2002,4,Ninguna,2,2,2,2,2,3,1,1,2,2,2,2,4,4,4,3,4,4,4,2,2,2,3,2,1,2,1,0,0,0,0,0,1,0,0,0,0,0,1,1,0,1,0,0,1,0,1,1,0,0,0,0,T0,8,2.17,1,1.67,1,3.62,4,2.0,2,2.46
69,Experimental,Educación,3,Social Sciences/Education,Masculino,2004,2,Básica,3,5,3,3,4,2,3,2,2,3,2,2,3,2,3,3,3,3,3,2,2,2,4,3,4,2,1,1,1,0,0,0,1,1,1,0,0,0,0,0,0,0,0,0,0,0,0,0,0,0,0,0,T0,6,3.33,3,2.33,3,2.75,0,2.83,0,2.81
70,Experimental,Ciencias de la Salud,2,Engineering/Sciences,Femenino,2002,5,Básica,2,2,2,2,3,2,2,2,2,2,2,2,4,3,4,3,3,3,2,3,2,3,2,2,2,2,1,0,0,0,0,0,0,0,0,0,1,0,0,1,1,1,1,0,1,1,1,0,0,0,0,0,T0,9,2.17,1,2.0,1,3.12,6,2.17,1,2.42
71,Experimental,Ciencias Sociales,4,Social Sciences/Education,Masculino,2001,3,Avanzada,2,2,2,4,3,3,2,3,1,3,2,3,5,5,4,4,4,5,3,3,2,3,2,2,3,2,1,0,0,0,0,0,0,0,1,0,0,0,1,0,1,1,1,0,0,0,1,0,1,1,0,1,T0,10,2.67,1,2.33,1,4.12,4,2.33,4,2.96
72,Experimental,Ciencias,1,Engineering/Sciences,No binario,2002,5,Intermedia,4,4,4,4,4,4,2,2,2,2,2,3,2,4,4,2,3,3,2,4,3,2,2,3,3,2,1,1,1,0,1,1,0,0,0,0,0,0,1,1,0,1,0,0,0,0,1,0,0,1,0,0,T0,10,4.0,5,2.17,0,3.0,3,2.5,2,2.92
73,Experimental,Educación,3,Social Sciences/Education,Masculino,2003,3,Básica,4,3,4,3,3,2,3,2,2,2,2,3,4,4,4,4,3,3,4,3,3,2,3,3,3,5,1,0,0,0,1,0,0,0,0,0,0,0,1,1,1,1,0,0,0,1,1,0,0,1,0,0,T0,9,3.17,2,2.33,0,3.62,5,3.17,2,3.12
74,Experimental,Ingeniería,2,Engineering/Sciences,Femenino,2002,10,Ninguna,2,2,2,2,3,1,2,3,2,2,2,1,3,2,2,2,2,3,4,3,1,1,2,1,2,3,1,0,1,0,0,0,0,1,0,0,0,0,1,1,1,0,1,0,0,1,0,1,1,0,0,0,T0,10,2.0,2,2.0,1,2.62,5,1.67,2,2.12
75,Experimental,Ciencias de la Salud,2,Engineering/Sciences,Femenino,2003,6,Básica,3,3,4,4,4,4,2,3,2,3,2,4,4,3,4,2,4,5,4,4,3,3,2,4,3,4,1,1,0,0,1,0,0,1,0,1,1,0,1,1,1,0,1,1,0,0,1,1,1,0,0,0,T0,14,3.67,3,2.67,3,3.75,5,3.17,3,3.35
76,Control,Ingeniería,5,Engineering/Sciences,Femenino,1998,3,Intermedia,1,2,1,2,2,3,2,1,1,1,1,1,3,2,2,1,3,3,1,3,2,2,1,2,2,2,0,1,1,0,0,0,0,0,0,0,0,0,0,0,0,0,0,0,0,0,0,0,0,0,0,0,T0,2,1.83,2,1.17,0,2.25,0,1.83,0,1.81
77,Control,Educación,7,Social Sciences/Education,Femenino,2004,5,Básica,4,3,5,1,4,4,4,5,5,1,3,3,3,3,3,3,5,1,5,3,4,5,3,3,3,3,1,1,0,1,1,0,1,1,1,1,0,0,1,0,1,0,0,0,0,0,0,1,0,1,1,0,T0,13,3.5,4,3.5,4,3.25,2,3.5,3,3.42
78,Control,Educación,7,Social Sciences/Education,No binario,2005,4,Intermedia,3,4,3,2,3,3,1,3,3,2,2,1,3,3,4,3,4,2,3,3,4,3,3,2,2,3,1,1,1,0,0,0,0,0,0,0,0,0,0,1,1,0,0,1,0,0,0,1,0,0,0,0,T0,7,3.0,3,2.0,0,3.12,3,2.83,1,2.77
79,Control,Ciencias,6,Engineering/Sciences,Masculino,2003,2,Intermedia,3,4,4,4,3,2,2,2,2,4,2,2,5,5,4,4,5,5,4,4,3,3,4,3,5,4,1,1,1,0,0,0,1,0,1,0,0,0,1,1,1,0,1,0,0,1,1,1,1,1,0,1,T0,15,3.33,3,2.33,2,4.5,5,3.67,5,3.54
80,Control,Arte y Humanidades,8,Social Sciences/Education,Femenino,2005,5,Básica,3,3,2,3,3,4,1,2,2,3,2,2,4,3,5,4,4,3,3,2,3,2,3,3,2,2,1,0,1,0,0,0,0,0,0,0,0,0,0,0,0,0,0,0,0,0,0,1,1,0,0,0,T0,4,3.0,2,2.0,0,3.5,0,2.5,2,2.81
81,Control,Educación,7,Social Sciences/Education,Femenino,2005,5,Avanzada,3,2,3,3,2,2,2,1,2,3,3,2,3,2,1,3,3,3,3,3,3,4,3,4,5,4,1,1,1,0,0,0,0,0,0,1,0,0,1,1,0,0,1,0,1,0,1,1,1,1,0,0,T0,12,2.5,3,2.17,1,2.62,4,3.83,4,2.77
82,Control,Arte y Humanidades,8,Social Sciences/Education,Masculino,2004,8,Intermedia,2,2,2,2,2,1,1,1,1,1,1,1,3,3,3,4,3,3,4,3,2,3,2,3,2,3,0,0,0,0,0,0,1,0,0,0,0,0,1,1,1,0,1,1,0,0,1,0,0,0,0,0,T0,7,1.83,0,1.0,1,3.25,5,2.5,1,2.23
83,Control,Ciencias de la Salud,6,Engineering/Sciences,Femenino,1999,7,Básica,3,2,4,4,3,3,3,2,2,3,2,3,3,3,3,2,3,4,3,3,2,1,2,3,1,4,1,1,1,0,0,1,0,0,0,0,0,0,1,0,0,1,0,0,0,0,0,1,0,0,0,1,T0,8,3.17,4,2.5,0,3.0,2,2.17,2,2.73
84,Control,Educación,7,Social Sciences/Education,Masculino,2001,5,Básica,3,3,2,2,3,2,1,2,1,1,2,2,4,4,3,3,4,4,4,4,3,2,3,1,2,2,0,1,0,1,0,1,0,0,0,0,0,0,1,0,1,0,0,1,0,0,0,1,0,0,0,0,T0,7,2.5,3,1.5,0,3.75,3,2.17,1,2.58
85,Control,Ingeniería,5,Engineering/Sciences,Masculino,2005,6,Ninguna,2,2,1,2,2,2,1,1,1,2,1,2,3,2,2,2,3,4,2,2,1,1,2,1,1,1,0,1,0,0,0,0,1,0,0,0,0,0,1,0,1,0,1,0,1,0,1,0,1,0,0,0,T0,8,1.83,1,1.33,1,2.5,4,1.17,2,1.77
86,Control,Ingeniería,5,Engineering/Sciences,Femenino,1999,6,Ninguna,2,1,1,2,2,3,1,1,2,1,1,1,2,3,2,3,3,3,2,3,2,2,3,2,1,1,1,0,0,0,0,0,0,0,0,0,0,0,1,0,1,0,1,0,0,0,0,0,1,0,0,0,T0,5,1.83,1,1.17,0,2.62,3,1.83,1,1.92
87,Control,Ciencias de la Salud,6,Engineering/Sciences,Masculino,2004,6,Básica,5,5,2,2,3,1,4,2,3,1,3,4,3,5,5,3,1,5,5,5,2,5,3,4,5,2,1,0,0,1,0,0,0,0,0,0,0,0,1,1,1,1,1,0,0,1,1,1,1,0,1,0,T0,12,3.0,2,2.83,0,4.0,6,3.5,4,3.38
88,Control,Educación,7,Social Sciences/Education,Femenino,2005,5,Intermedia,2,2,3,2,2,2,2,2,2,2,2,2,2,3,3,3,3,3,3,4,2,2,3,2,2,2,0,1,0,0,0,0,0,0,0,1,0,1,1,0,0,1,0,1,0,0,0,1,0,0,0,0,T0,7,2.17,1,2.0,2,3.0,3,2.17,1,2.38
89,Control,Ingeniería,5,Engineering/Sciences,Femenino,2004,7,Avanzada,3,3,2,4,3,3,2,2,1,2,3,2,4,4,3,3,2,4,3,4,2,1,2,2,2,1,0,1,0,0,0,0,1,1,0,0,0,1,1,1,0,1,1,0,0,1,1,0,0,0,0,0,T0,10,3.0,1,2.0,3,3.38,5,1.67,1,2.58
90,Control,Ciencias,6,Engineering/Sciences,Masculino,1998,3,Intermedia,3,4,3,4,4,3,3,3,2,2,2,2,4,5,4,4,5,5,4,3,3,2,4,2,3,3,0,1,1,0,0,0,1,1,0,0,0,0,0,1,1,1,0,1,1,0,1,1,0,0,0,0,T0,11,3.5,2,2.33,2,4.25,5,2.83,2,3.31
91,Control,Ciencias,6,Engineering/Sciences,Masculino,2002,6,Básica,3,5,3,5,1,4,3,3,2,4,2,4,3,5,1,2,2,3,2,3,5,4,4,1,4,2,1,1,1,1,1,0,0,1,1,0,0,0,1,0,0,0,0,0,1,0,0,1,1,0,0,0,T0,11,3.5,5,3.0,2,2.62,2,3.33,2,3.08
92,Control,Arte y Humanidades,8,Social Sciences/Education,Femenino,2004,3,Intermedia,3,3,2,3,3,2,2,1,2,2,1,1,3,4,3,4,4,4,2,4,3,3,2,3,3,2,1,1,0,1,0,0,0,0,0,0,0,0,1,1,1,0,1,0,0,0,1,0,1,0,0,0,T0,9,2.67,3,1.5,0,3.5,4,2.67,2,2.65
93,Control,Ciencias de la Salud,6,Engineering/Sciences,Femenino,2002,4,Básica,1,3,3,2,2,2,1,2,1,1,1,2,3,2,3,3,2,3,2,2,1,2,1,1,2,3,0,1,0,0,0,0,0,0,0,0,0,0,0,0,0,0,0,0,0,0,1,0,0,0,0,0,T0,2,2.17,1,1.33,0,2.5,0,1.67,1,1.96
94,Control,Ingeniería,5,Engineering/Sciences,Femenino,2002,10,Intermedia,4,4,3,4,3,5,3,3,4,4,3,3,5,5,5,5,5,5,5,4,3,4,3,3,4,3,1,1,1,1,0,0,1,1,1,0,0,0,1,1,1,1,1,1,1,1,1,0,0,0,0,0,T0,16,3.83,4,3.33,3,4.88,8,3.33,1,3.92
95,Control,Ingeniería,5,Engineering/Sciences,Femenino,2000,5,Intermedia,3,3,4,4,4,4,2,2,3,2,3,2,4,4,4,4,4,4,4,4,4,2,3,2,3,2,1,1,1,1,0,0,1,0,0,0,0,1,1,1,1,1,1,1,0,1,1,1,1,0,0,0,T0,16,3.67,4,2.33,2,4.0,7,2.67,3,3.23
96,Control,Educación,7,Social Sciences/Education,Masculino,2001,7,Básica,2,3,2,2,2,2,2,2,2,2,2,3,2,2,2,2,2,2,3,2,3,2,2,2,2,3,0,0,0,0,1,0,0,0,1,0,0,1,1,0,0,1,0,0,0,0,1,0,0,0,0,1,T0,7,2.17,1,2.17,2,2.12,2,2.33,2,2.19
97,Control,Ciencias Sociales,8,Social Sciences/Education,Masculino,2005,7,Intermedia,2,1,1,2,1,2,1,1,2,2,2,2,4,2,4,4,3,3,4,2,3,2,3,4,4,2,0,0,0,0,0,0,0,0,0,0,0,0,1,0,1,0,1,0,1,0,1,1,0,0,0,0,T0,6,1.5,0,1.67,0,3.25,4,3.0,2,2.42
98,Control,Ciencias Sociales,8,Social Sciences/Education,Femenino,2005,7,Avanzada,3,3,3,4,3,4,2,2,2,1,1,2,3,3,3,2,2,3,1,1,2,2,2,2,4,1,1,1,0,0,0,1,1,0,1,0,0,0,1,0,1,1,1,0,0,0,0,1,0,0,0,0,T0,10,3.33,3,1.67,2,2.25,4,2.17,1,2.35
99,Control,Arte y Humanidades,8,Social Sciences/Education,Masculino,2005,5,Intermedia,2,1,2,3,1,2,2,2,2,2,3,2,3,4,4,3,4,4,4,4,3,2,2,3,3,3,0,1,0,1,0,0,0,1,0,0,0,0,1,1,1,1,0,1,1,0,1,0,0,0,1,0,T0,11,1.83,2,2.17,1,3.75,6,2.67,2,2.69
100,Control,Arte y Humanidades,8,Social Sciences/Education,Masculino,2002,8,Ninguna,1,1,1,1,1,1,3,3,1,1,2,1,3,2,1,2,2,3,3,2,3,3,2,2,2,2,0,0,0,0,0,0,0,0,0,1,0,0,0,1,0,0,0,0,0,0,0,1,0,0,0,0,T0,3,1.0,0,1.83,1,2.25,1,2.33,1,1.88
101,Control,Educación,7,Social Sciences/Education,Femenino,1999,2,Ninguna,1,1,1,1,1,1,1,1,1,1,1,1,1,2,1,2,1,1,5,5,1,1,1,1,1,1,0,0,0,0,0,0,0,0,0,0,0,0,0,1,0,0,0,0,0,1,0,0,0,0,0,0,T0,2,1.0,0,1.0,0,2.25,2,1.0,0,1.38
102,Control,Ciencias de la Salud,6,Engineering/Sciences,Masculino,2000,4,Intermedia,3,2,3,2,2,2,2,2,2,2,2,3,2,2,2,2,2,2,2,2,2,2,2,2,2,2,0,0,0,0,0,0,0,0,0,0,0,0,1,0,0,0,0,0,0,0,1,1,0,0,0,0,T0,3,2.33,0,2.17,0,2.0,1,2.0,2,2.12
103,Control,Ciencias,6,Engineering/Sciences,Femenino,1999,2,Intermedia,3,2,4,3,3,4,2,1,2,2,1,2,4,4,3,3,4,3,4,3,2,2,2,2,3,3,1,1,0,1,0,0,0,0,0,0,0,0,1,1,1,1,0,0,0,1,0,0,0,0,0,0,T0,8,3.17,3,1.67,0,3.5,5,2.33,0,2.73
104,Control,Ciencias de la Salud,6,Engineering/Sciences,Masculino,1999,5,Avanzada,1,1,1,1,1,1,1,1,2,1,1,1,1,2,1,2,2,2,1,1,1,1,1,1,1,1,0,0,0,0,0,0,0,1,0,0,0,0,0,1,0,1,0,0,0,1,0,0,0,0,0,0,T0,4,1.0,0,1.17,1,1.5,3,1.0,0,1.19
105,Control,Ingeniería,5,Engineering/Sciences,Masculino,1998,3,Ninguna,3,4,4,4,3,3,3,3,3,2,4,3,5,4,4,4,5,3,5,4,4,3,3,3,4,4,1,1,1,0,1,0,0,1,0,0,0,0,1,1,1,1,1,1,0,1,1,1,0,1,0,0,T0,15,3.5,4,3.0,1,4.25,7,3.5,3,3.62
106,Control,Ciencias,6,Engineering/Sciences,Masculino,1999,5,Básica,4,4,4,4,4,5,4,4,3,5,3,3,4,4,3,4,4,3,4,3,4,5,3,3,4,3,0,1,1,0,1,0,1,0,0,1,1,0,0,1,1,1,1,1,1,0,1,1,1,0,1,1,T0,17,4.17,3,3.67,3,3.62,6,3.67,5,3.77
107,Control,Ciencias,6,Engineering/Sciences,Masculino,2003,7,Básica,3,4,2,3,3,3,3,2,3,3,4,2,2,2,3,3,2,3,3,3,3,2,4,4,3,4,0,1,0,1,0,0,0,1,0,0,0,0,0,0,0,0,0,0,0,1,1,1,1,1,1,0,T0,9,3.0,2,2.83,1,2.62,1,3.33,5,2.92
108,Control,Ingeniería,5,Engineering/Sciences,Masculino,2004,2,Básica,3,3,3,3,3,3,1,1,1,1,1,1,2,2,2,1,2,1,2,1,1,1,1,1,1,1,0,0,1,0,1,1,0,0,0,0,0,0,0,1,0,0,0,0,0,0,0,0,0,0,0,0,T0,4,3.0,3,1.0,0,1.62,1,1.0,0,1.65
109,Control,Ingeniería,5,Engineering/Sciences,Femenino,2002,2,Ninguna,2,3,2,2,2,2,2,2,2,2,3,2,4,4,4,4,4,3,3,3,2,3,3,4,2,4,0,1,1,0,0,0,0,1,0,0,0,0,1,1,1,1,0,0,1,1,1,1,1,0,0,0,T0,12,2.17,2,2.17,1,3.62,6,3.0,3,2.81
110,Control,Ciencias Sociales,8,Social Sciences/Education,Femenino,2003,8,Ninguna,5,5,5,5,2,2,1,1,1,1,1,1,2,1,1,1,1,1,1,1,1,1,2,1,1,1,0,1,1,1,1,0,0,0,0,0,0,0,1,0,0,0,0,1,0,0,0,0,0,0,0,0,T0,6,4.0,4,1.0,0,1.12,2,1.17,0,1.77
111,Control,Ciencias de la Salud,6,Engineering/Sciences,Masculino,2003,6,Intermedia,3,4,4,2,2,2,1,2,2,2,2,1,1,1,2,2,2,1,2,1,1,2,2,1,1,1,0,1,1,0,0,0,0,0,0,0,1,0,1,1,0,0,0,0,0,0,0,0,1,0,0,0,T0,6,2.83,2,1.67,1,1.5,2,1.33,1,1.81
112,Control,Ciencias,6,Engineering/Sciences,Masculino,2000,3,Básica,2,2,2,2,2,2,2,2,2,2,2,2,2,3,3,2,3,2,3,2,2,2,2,2,2,2,0,0,0,0,0,0,1,1,0,1,0,0,1,0,1,1,0,0,1,0,1,0,0,0,0,0,T0,8,2.0,0,2.0,3,2.5,4,2.0,1,2.15
113,Control,Ciencias de la Salud,6,Engineering/Sciences,Masculino,2003,3,Ninguna,2,2,2,2,2,2,1,1,1,1,1,1,3,3,2,3,2,1,3,3,1,2,2,2,3,3,1,0,0,0,0,0,0,0,0,0,0,0,0,1,1,1,0,0,0,1,1,0,0,1,0,0,T0,7,2.0,1,1.0,0,2.5,4,2.17,2,1.96
114,Control,Educación,7,Social Sciences/Education,Masculino,2001,6,Ninguna,1,2,2,2,1,1,1,2,2,1,2,1,1,2,2,3,2,4,2,2,2,1,1,2,1,2,0,0,0,0,0,0,0,1,0,0,0,0,1,0,0,1,0,0,0,0,1,0,1,1,0,0,T0,6,1.5,0,1.5,1,2.25,2,1.5,3,1.73
115,Control,Ingeniería,5,Engineering/Sciences,Femenino,2004,3,Intermedia,2,2,3,3,2,1,1,1,1,1,1,1,2,1,3,3,2,3,3,3,1,1,1,2,1,1,1,1,1,0,0,0,0,0,0,0,0,0,1,1,1,0,0,0,0,0,0,0,0,0,0,0,T0,6,2.17,3,1.0,0,2.5,3,1.17,0,1.77
116,Control,Ingeniería,5,Engineering/Sciences,Masculino,1998,10,Básica,4,5,5,3,4,4,2,3,3,3,1,2,2,3,4,3,3,3,3,4,2,2,3,4,2,2,1,1,1,1,1,1,1,0,0,1,0,0,1,1,1,0,0,0,1,0,1,0,0,1,0,0,T0,14,4.17,6,2.33,2,3.12,4,2.5,2,3.04
117,Control,Educación,7,Social Sciences/Education,Masculino,2003,7,Básica,3,2,2,3,2,4,3,2,2,2,2,2,4,3,4,3,4,3,3,3,3,2,4,4,4,3,0,1,0,0,0,0,0,0,1,1,0,0,0,1,0,0,0,1,0,0,1,0,1,0,1,0,T0,8,2.67,1,2.17,2,3.38,2,3.33,3,2.92
118,Control,Ciencias Sociales,8,Social Sciences/Education,Femenino,1998,7,Ninguna,1,2,2,2,3,1,1,1,1,1,1,1,2,2,3,2,2,3,2,1,1,1,2,1,1,1,0,0,0,0,0,0,0,0,1,0,0,0,1,0,0,0,0,0,0,0,0,0,0,0,0,0,T0,2,1.83,0,1.0,1,2.12,1,1.17,0,1.58
119,Control,Educación,7,Social Sciences/Education,Femenino,1999,6,Básica,2,3,2,2,3,2,4,3,4,3,3,3,5,5,4,5,4,5,4,4,4,4,4,3,3,4,1,0,1,1,1,0,0,1,1,0,0,1,1,1,1,1,0,1,1,0,1,1,1,1,0,1,T0,18,2.33,4,3.33,3,4.5,6,3.67,5,3.54
120,Control,Ciencias Sociales,8,Social Sciences/Education,Femenino,2000,3,Básica,4,3,4,4,4,4,2,2,3,2,3,3,5,5,5,5,4,5,5,4,3,4,3,4,4,3,1,1,0,0,0,1,1,1,0,0,0,0,1,1,1,1,1,1,1,0,0,1,0,1,0,0,T0,14,3.83,3,2.5,2,4.75,7,3.5,2,3.73
121,Control,Arte y Humanidades,8,Social Sciences/Education,Masculino,2005,3,Básica,2,2,2,3,2,2,1,1,1,1,1,1,1,1,2,1,1,2,1,2,1,1,1,2,2,2,1,0,1,0,0,0,1,0,0,0,0,1,0,0,0,0,0,0,0,0,0,0,0,0,0,0,T0,4,2.17,2,1.0,2,1.38,0,1.5,0,1.5
122,Control,Educación,7,Social Sciences/Education,Femenino,2003,6,Básica,2,1,1,1,1,2,1,1,1,1,1,1,2,2,2,2,2,1,2,2,1,1,2,1,2,1,0,0,0,0,0,0,1,0,0,0,0,0,0,0,1,0,0,0,0,0,0,0,0,0,0,0,T0,2,1.33,0,1.0,1,1.88,1,1.33,0,1.42
123,Control,Ciencias,6,Engineering/Sciences,Masculino,1999,4,Ninguna,5,4,4,5,4,3,4,3,4,2,3,3,3,4,4,3,3,3,3,3,5,4,4,4,3,3,1,1,1,1,1,0,1,1,0,0,0,0,1,0,1,1,0,1,0,0,1,1,0,1,0,0,T0,14,4.17,5,3.17,2,3.25,4,3.83,3,3.58
124,Control,Ciencias,6,Engineering/Sciences,Femenino,2005,5,Básica,3,3,3,4,3,3,2,2,2,2,2,2,3,4,4,3,4,4,3,4,2,2,3,3,2,3,1,0,1,1,0,0,0,0,0,1,0,0,1,1,1,0,1,0,0,0,0,0,0,0,0,1,T0,9,3.17,3,2.0,1,3.62,4,2.5,1,2.88
125,Control,Arte y Humanidades,7,Social Sciences/Education,Femenino,2001,8,Ninguna,1,2,1,1,2,1,1,1,1,1,2,1,1,3,1,1,2,3,3,2,1,1,1,2,1,1,0,0,0,0,0,0,0,0,0,0,0,0,1,1,0,0,0,0,0,0,0,0,0,0,0,0,T0,2,1.33,0,1.17,0,2.0,2,1.17,0,1.46
126,Control,Ingeniería,5,Engineering/Sciences,Masculino,2004,7,Intermedia,3,4,4,3,3,4,4,3,4,4,3,3,2,1,3,2,1,4,2,3,4,3,2,1,2,1,0,1,1,1,0,0,1,1,1,0,0,0,1,1,0,1,0,0,0,0,1,0,0,0,0,1,T0,11,3.5,3,3.5,3,2.25,3,2.17,2,2.81
127,Control,Ingeniería,5,Engineering/Sciences,Femenino,2005,7,Básica,2,2,2,2,2,3,2,2,2,2,2,2,2,3,2,2,2,2,2,3,2,2,2,2,2,2,1,0,0,1,0,1,0,0,0,0,0,0,1,1,0,0,0,0,0,0,0,0,0,0,0,1,T0,6,2.17,3,2.0,0,2.25,2,2.0,1,2.12
128,Control,Ingeniería,5,Engineering/Sciences,Masculino,2002,7,Básica,3,2,2,3,2,4,1,1,1,1,2,2,3,3,4,3,3,3,2,2,3,4,2,1,3,1,0,1,0,1,0,0,1,1,0,0,0,0,0,0,0,1,0,0,0,0,0,1,1,0,0,1,T0,8,2.67,2,1.33,2,2.88,1,2.33,3,2.35
129,Control,Educación,7,Social Sciences/Education,Masculino,2004,7,Intermedia,4,2,4,3,4,4,3,2,2,2,3,2,3,4,3,4,4,3,3,4,3,3,4,2,3,3,1,1,0,1,0,0,0,0,0,0,0,0,1,1,0,0,1,0,1,1,1,1,0,0,0,0,T0,10,3.5,3,2.33,0,3.5,5,3.0,2,3.12
130,Control,Ciencias,6,Engineering/Sciences,Femenino,2003,4,Básica,3,3,2,2,4,3,1,1,2,2,2,1,3,3,4,3,3,4,2,2,3,2,1,4,4,2,1,1,0,1,0,0,0,0,1,0,0,0,1,1,0,0,1,0,0,1,1,0,0,0,0,0,T0,9,2.83,3,1.5,1,3.0,4,2.67,1,2.54
131,Control,Ciencias Sociales,8,Social Sciences/Education,Femenino,2002,4,Ninguna,1,1,1,1,1,1,1,1,1,1,1,1,1,1,1,1,1,1,2,1,2,1,1,1,1,1,0,0,0,0,0,0,0,0,0,0,0,0,1,1,0,0,0,0,0,0,1,0,0,0,0,0,T0,3,1.0,0,1.0,0,1.12,2,1.17,1,1.08
132,Control,Ingeniería,5,Engineering/Sciences,Masculino,2004,5,Avanzada,5,5,3,4,3,4,3,5,4,5,5,5,5,3,3,3,1,3,3,3,5,5,2,3,3,3,1,1,1,1,1,0,1,1,1,1,1,0,0,0,1,1,0,0,0,0,1,1,1,0,1,0,T0,16,4.0,5,4.5,5,3.0,2,3.5,4,3.69
133,Control,Ingeniería,5,Engineering/Sciences,Femenino,2004,8,Básica,3,2,4,3,2,2,1,1,1,1,1,1,3,3,4,3,3,3,2,2,2,1,1,2,2,2,1,0,1,1,1,0,0,0,0,0,0,0,0,1,1,0,0,1,0,0,0,0,0,0,0,0,T0,7,2.67,4,1.0,0,2.88,3,1.67,0,2.12
134,Control,Ciencias Sociales,8,Social Sciences/Education,Masculino,2005,4,Básica,2,2,2,2,2,2,1,1,1,1,1,1,2,3,2,3,2,2,2,2,2,1,2,3,1,2,0,1,0,0,0,0,0,1,0,0,0,0,1,0,1,1,0,1,0,0,0,0,0,1,0,0,T0,7,2.0,1,1.0,1,2.25,4,1.83,1,1.81
135,Control,Ciencias de la Salud,6,Engineering/Sciences,Femenino,2003,3,Básica,2,1,2,2,2,2,2,1,1,1,1,1,3,3,4,3,4,2,2,1,1,2,2,2,4,2,1,0,0,0,0,0,1,0,0,0,0,0,1,1,0,1,0,0,0,0,0,0,1,0,0,0,T0,6,1.83,1,1.17,1,2.75,3,2.17,1,2.04
136,Control,Ciencias,6,Engineering/Sciences,Femenino,1998,5,Básica,3,4,3,1,3,4,1,1,1,2,3,3,4,4,4,3,4,4,4,4,3,4,2,3,3,3,1,1,0,0,0,0,1,0,0,0,0,0,0,1,1,1,1,1,1,0,1,1,0,1,1,0,T0,13,3.0,2,1.83,1,3.88,6,3.0,4,3.0
137,Control,Ingeniería,5,Engineering/Sciences,Masculino,2003,6,Avanzada,1,1,1,1,1,1,1,1,1,1,1,1,3,3,2,1,2,3,4,3,2,1,1,1,2,1,0,0,0,0,0,0,0,0,0,0,0,0,1,0,1,1,0,0,0,1,0,0,0,0,0,0,T0,4,1.0,0,1.0,0,2.62,4,1.33,0,1.58
138,Control,Ciencias,6,Engineering/Sciences,Masculino,2002,4,Intermedia,2,1,1,1,1,5,1,1,1,2,1,1,2,1,2,2,2,2,2,1,2,1,2,2,1,1,1,1,0,0,0,0,0,0,0,0,0,0,0,1,1,0,0,0,0,0,1,0,0,0,0,0,T0,5,1.83,2,1.17,0,1.75,2,1.5,1,1.58
139,Control,Educación,7,Social Sciences/Education,Masculino,2005,1,Básica,2,2,5,2,2,5,1,5,2,1,2,1,2,5,2,5,5,5,1,1,2,2,1,1,2,2,0,0,1,1,0,0,0,1,1,0,0,0,1,0,1,0,1,1,1,1,0,0,0,0,0,0,T0,10,3.0,2,2.0,2,3.25,6,1.67,0,2.54
140,Control,Ciencias,6,Engineering/Sciences,Femenino,2005,5,Básica,1,1,2,1,2,2,2,2,2,2,1,1,2,3,3,3,4,3,3,4,1,2,2,2,2,1,1,0,1,0,0,0,0,1,0,0,0,0,1,1,0,1,0,1,1,1,0,0,0,0,0,0,T0,9,1.5,2,1.67,1,3.12,6,1.67,0,2.08
141,Control,Ciencias Sociales,8,Social Sciences/Education,Femenino,2002,9,Avanzada,4,4,3,3,2,3,5,4,4,4,4,5,4,5,5,5,5,4,5,4,3,4,5,4,4,5,0,0,0,0,0,0,1,1,1,1,1,0,1,1,1,1,1,1,1,0,1,1,1,1,0,1,T0,17,3.17,0,4.33,5,4.62,7,4.17,5,4.12
142,Control,Ciencias Sociales,8,Social Sciences/Education,Masculino,2000,1,Ninguna,3,4,4,4,4,3,2,2,2,2,2,2,2,2,2,2,2,3,3,2,2,2,2,2,2,2,1,1,1,1,1,1,0,1,0,0,0,0,0,0,1,0,0,0,0,0,0,1,1,0,1,0,T0,11,3.67,6,2.0,1,2.25,1,2.0,3,2.46
143,Control,Ingeniería,5,Engineering/Sciences,Masculino,2002,7,Intermedia,1,1,1,1,1,2,1,1,1,1,2,1,3,1,2,3,2,2,2,1,2,3,1,2,3,3,0,0,1,0,0,0,0,0,0,0,0,0,0,1,0,0,0,0,0,0,0,1,0,1,0,0,T0,4,1.17,1,1.17,0,2.0,1,2.33,2,1.69
144,Control,Ingeniería,5,Engineering/Sciences,Masculino,2003,6,Intermedia,3,3,3,3,2,2,1,2,1,1,2,2,2,3,5,3,2,4,2,3,1,1,1,1,2,3,1,1,1,0,0,0,0,0,0,0,0,0,0,1,0,1,0,0,1,0,1,0,0,0,0,1,T0,8,2.67,3,1.5,0,3.0,3,1.5,2,2.23
145,Control,Arte y Humanidades,7,Social Sciences/Education,Masculino,1998,3,Básica,4,3,4,3,4,2,4,4,3,3,4,3,3,4,3,4,3,4,5,4,3,4,4,4,4,4,1,1,1,1,0,0,0,1,1,0,0,0,1,1,0,0,0,0,0,0,1,1,0,0,1,1,T0,12,3.33,4,3.5,2,3.75,2,3.83,4,3.62
146,Control,Educación,7,Social Sciences/Education,Masculino,2000,3,Ninguna,4,3,3,3,2,2,2,3,3,2,1,1,3,4,3,3,4,4,4,4,5,3,4,4,4,3,1,0,0,1,1,0,0,1,0,0,0,1,1,1,1,1,0,1,0,0,1,1,0,1,1,1,T0,15,2.83,3,2.0,2,3.62,5,3.83,5,3.12
147,Control,Ciencias Sociales,8,Social Sciences/Education,Femenino,2001,6,Básica,3,3,5,4,2,4,3,3,2,2,3,3,3,4,4,3,3,2,2,3,2,3,4,3,3,3,1,0,1,0,0,0,0,0,1,0,0,0,0,1,0,1,0,0,0,0,0,1,1,0,1,0,T0,8,3.5,2,2.67,1,3.0,2,3.0,3,3.04
148,Control,Ingeniería,5,Engineering/Sciences,Femenino,1999,3,Ninguna,3,3,4,4,1,5,1,4,4,5,1,4,3,3,1,4,3,2,4,4,4,5,3,5,5,3,1,0,0,1,1,0,0,1,1,1,1,0,1,0,0,0,0,0,0,0,1,1,1,0,1,0,T0,12,3.33,3,3.17,4,3.0,1,4.17,4,3.38
149,Control,Ciencias Sociales,8,Social Sciences/Education,Femenino,2001,9,Básica,3,4,3,4,3,4,3,4,2,3,3,4,5,5,4,5,5,5,5,5,4,4,5,3,4,5,1,1,0,0,1,0,1,1,1,0,0,0,1,1,1,1,1,1,1,0,1,1,1,1,0,0,T0,17,3.5,3,3.17,3,4.88,7,4.17,4,4.0
150,Control,Arte y Humanidades,7,Social Sciences/Education,Masculino,2003,3,Básica,3,2,2,2,1,2,1,1,1,1,2,1,2,3,3,2,3,2,2,3,2,2,2,3,3,1,0,0,0,0,0,0,0,0,0,0,0,0,0,0,0,0,0,1,0,1,1,0,0,1,0,0,T0,4,2.0,0,1.17,0,2.5,2,2.17,2,2.0
1,Experimental,Arte y Humanidades,4,Social Sciences/Education,Masculino,2002,6,Básica,4,5,5,4,3,5,5,3,5,4,3,3,5,5,5,5,5,5,5,4,5,4,5,3,5,4,1,1,1,1,0,0,1,1,1,1,1,1,1,1,1,1,1,1,1,0,1,1,1,1,0,1,T1,22,4.33,4,3.83,6,4.88,7,4.33,5,4.38
2,Experimental,Ciencias Sociales,4,Social Sciences/Education,Masculino,2002,6,Básica,4,3,4,4,3,3,2,2,3,2,2,1,5,5,5,5,5,4,5,5,2,3,3,5,4,3,1,1,1,1,1,1,1,0,1,1,0,0,1,1,1,1,0,1,1,1,1,1,1,1,0,0,T1,20,3.5,6,2.0,3,4.88,7,3.33,4,3.54
3,Experimental,Ciencias de la Salud,1,Engineering/Sciences,Masculino,2004,2,Básica,4,3,4,5,5,3,4,2,4,2,4,2,5,4,4,5,4,5,3,4,4,5,4,2,4,3,1,1,1,1,0,1,1,1,1,1,0,1,1,1,1,1,1,1,0,0,1,1,1,1,1,1,T1,22,4.0,5,3.0,5,4.25,6,3.67,6,3.77
4,Experimental,Ingeniería,2,Engineering/Sciences,Masculino,2004,5,Avanzada,3,4,2,2,3,4,2,3,1,2,3,2,3,2,2,3,3,1,2,2,2,2,4,2,2,3,1,1,1,1,0,0,1,1,0,0,0,1,0,0,0,0,0,0,0,0,1,0,0,1,0,1,T1,10,3.0,4,2.17,3,2.25,0,2.5,3,2.46
5,Experimental,Ingeniería,2,Engineering/Sciences,Masculino,2003,6,Básica,3,4,4,2,3,5,3,3,2,3,2,3,4,4,3,4,5,5,5,4,3,3,2,2,3,4,1,1,1,1,0,0,1,0,1,0,0,0,1,1,1,1,1,1,1,1,1,0,1,0,0,0,T1,16,3.5,4,2.67,2,4.25,8,2.83,2,3.38
6,Experimental,Ciencias de la Salud,1,Engineering/Sciences,Femenino,2001,8,Básica,3,5,5,5,5,5,3,3,3,3,2,5,4,5,4,3,5,3,5,2,2,2,2,3,2,2,1,1,1,1,0,1,1,1,1,1,0,1,1,1,0,1,1,0,0,0,1,1,1,0,0,0,T1,17,4.67,5,3.17,5,3.88,4,2.17,3,3.5
7,Experimental,Ciencias,1,Engineering/Sciences,No binario,2000,5,Básica,1,1,1,2,2,2,1,1,1,2,1,2,1,1,3,1,2,1,2,2,1,2,2,2,3,2,1,1,0,0,0,0,1,1,0,0,0,0,1,1,0,0,0,1,0,0,0,0,0,0,0,0,T1,7,1.5,2,1.33,2,1.62,3,2.0,0,1.62
8,Experimental,Educación,3,Social Sciences/Education,Masculino,2000,2,Ninguna,3,2,2,2,3,3,2,2,2,2,3,2,2,2,4,2,2,2,4,2,4,5,2,5,4,2,1,1,1,0,0,0,0,1,0,0,1,0,1,1,0,0,0,0,0,0,1,1,1,1,0,0,T1,11,2.5,3,2.17,2,2.5,2,3.67,4,2.69
9,Experimental,Ingeniería,2,Engineering/Sciences,Masculino,2005,4,Básica,5,3,5,5,5,5,3,5,3,3,4,1,5,5,5,5,3,1,4,5,4,4,2,3,2,3,1,1,1,1,1,1,1,1,1,1,1,0,1,1,1,1,1,1,1,1,1,0,1,1,0,0,T1,22,4.67,6,3.17,5,4.12,8,3.0,3,3.77
10,Experimental,Educación,3,Social Sciences/Education,Masculino,2002,6,Ninguna,1,1,1,1,2,1,1,1,1,1,1,1,1,1,1,2,1,1,1,2,2,1,1,2,1,1,0,0,0,0,0,0,1,0,0,0,0,0,0,1,0,0,0,0,0,0,0,0,1,0,0,0,T1,3,1.17,0,1.0,1,1.25,1,1.33,1,1.19
11,Experimental,Educación,3,Social Sciences/Education,Masculino,2002,2,Intermedia,4,4,3,4,5,4,2,2,3,3,4,3,4,5,3,4,4,5,2,4,4,3,3,3,3,5,1,1,0,1,1,0,1,1,0,1,0,0,1,1,1,1,1,1,1,1,1,1,1,1,1,0,T1,20,4.0,4,2.83,3,3.88,8,3.5,5,3.58
12,Experimental,Ciencias Sociales,4,Social Sciences/Education,Femenino,2005,6,Ninguna,2,2,3,3,4,3,3,1,2,3,2,2,4,4,3,3,3,5,4,3,4,4,4,2,4,5,1,0,1,1,0,0,1,0,1,0,1,0,1,1,1,1,0,0,1,1,0,1,1,1,0,0,T1,15,2.83,3,2.17,3,3.62,6,3.83,3,3.15
13,Experimental,Ciencias de la Salud,1,Engineering/Sciences,Femenino,2001,8,Intermedia,2,2,3,3,4,2,2,3,1,1,2,2,4,4,4,2,4,4,4,4,4,3,3,3,2,3,1,0,0,1,0,1,1,1,0,1,0,0,1,1,1,1,1,1,1,0,1,1,1,1,1,0,T1,18,2.67,3,1.83,3,3.75,7,3.0,5,2.88
14,Experimental,Educación,3,Social Sciences/Education,Masculino,1998,6,Básica,3,3,3,3,2,2,2,1,2,2,3,4,5,3,3,4,5,2,5,4,5,4,4,5,2,2,1,1,1,0,0,0,1,1,0,1,0,0,1,1,1,1,0,1,0,1,1,1,1,0,1,1,T1,17,2.67,3,2.33,3,3.88,6,3.67,5,3.19
15,Experimental,Ciencias,1,Engineering/Sciences,Masculino,2002,7,Básica,2,1,3,1,1,3,1,2,1,1,3,1,4,4,2,3,4,4,3,3,3,3,4,5,4,2,0,0,0,0,0,0,0,1,1,0,0,0,1,1,1,0,1,0,0,1,0,1,1,1,1,0,T1,11,1.83,0,1.5,2,3.38,5,3.5,4,2.62
16,Experimental,Ciencias,1,Engineering/Sciences,Femenino,2001,10,Ninguna,2,1,2,2,2,1,1,1,2,1,2,1,1,2,2,1,1,1,1,1,1,2,1,2,1,1,0,1,0,0,0,0,0,0,0,0,0,0,0,1,1,1,0,0,0,0,1,0,0,0,0,0,T1,5,1.67,1,1.33,0,1.25,3,1.33,1,1.38
17,Experimental,Ciencias Sociales,4,Social Sciences/Education,Femenino,2001,10,Básica,4,5,5,5,4,4,5,4,5,3,4,3,5,5,4,4,5,4,4,4,5,5,4,5,5,5,1,1,1,1,1,1,1,1,0,0,1,1,1,1,1,1,1,1,1,1,1,1,1,1,1,1,T1,24,4.5,6,4.0,4,4.38,8,4.83,6,4.42
18,Experimental,Educación,3,Social Sciences/Education,Femenino,2002,3,Básica,5,5,5,5,5,3,4,4,4,3,3,3,5,5,3,5,5,5,5,3,5,5,5,5,4,3,1,1,1,1,1,1,1,1,1,1,1,1,1,1,1,1,1,1,1,0,1,1,1,1,1,0,T1,24,4.67,6,3.5,6,4.5,7,4.5,5,4.31
19,Experimental,Ingeniería,2,Engineering/Sciences,No binario,2005,9,Intermedia,5,4,2,5,2,2,4,3,4,4,2,3,1,1,2,2,2,2,2,2,3,3,1,5,4,1,1,0,0,0,1,1,1,1,1,1,0,0,1,1,1,1,0,0,0,0,1,1,1,0,1,0,T1,15,3.33,3,3.33,4,1.75,4,2.83,4,2.73
20,Experimental,Ciencias Sociales,4,Social Sciences/Education,Femenino,2003,6,Básica,4,4,3,3,3,3,3,2,3,1,2,1,2,5,4,3,4,3,3,3,1,2,2,1,1,1,1,1,1,1,1,1,0,1,1,0,0,0,1,1,1,1,1,0,0,0,0,0,0,0,0,0,T1,13,3.33,6,2.0,2,3.38,5,1.33,0,2.58
21,Experimental,Educación,3,Social Sciences/Education,Masculino,2000,6,Básica,2,1,2,2,1,5,2,1,2,2,1,5,5,5,5,5,5,3,5,5,2,2,2,2,1,2,1,0,0,1,0,0,1,0,0,0,1,0,1,1,1,1,1,0,1,1,0,0,0,0,0,0,T1,11,2.17,2,2.17,2,4.75,7,1.83,0,2.88
22,Experimental,Ingeniería,2,Engineering/Sciences,Femenino,2004,5,Básica,3,2,3,3,2,3,2,2,3,2,2,3,5,4,4,3,3,4,4,1,4,2,3,3,3,3,1,1,1,0,0,0,1,1,1,1,1,0,1,1,1,1,1,0,0,0,1,1,1,0,0,0,T1,16,2.67,3,2.33,5,3.5,5,3.0,3,2.92
23,Experimental,Ingeniería,2,Engineering/Sciences,No binario,2001,4,Ninguna,2,3,4,2,3,3,2,1,2,2,3,3,2,5,4,4,3,3,3,4,3,5,4,4,4,3,0,1,1,0,0,0,1,1,1,0,0,0,1,1,1,1,1,0,1,0,1,1,1,0,1,1,T1,16,2.83,2,2.17,3,3.5,6,3.83,5,3.12
24,Experimental,Ciencias,1,Engineering/Sciences,Masculino,2003,4,Básica,3,1,2,3,2,4,2,3,1,1,1,1,4,3,3,3,3,2,3,2,1,1,1,2,1,1,0,1,1,0,0,1,0,0,0,1,0,0,1,1,1,1,0,1,0,0,0,0,0,0,0,1,T1,10,2.5,3,1.5,1,2.88,5,1.17,1,2.08
25,Experimental,Ingeniería,2,Engineering/Sciences,Femenino,2004,4,Básica,5,5,5,5,5,4,3,3,2,3,4,5,5,5,4,5,4,5,2,5,4,4,4,3,5,3,1,1,1,1,1,1,0,1,1,0,1,1,1,1,1,1,1,0,0,1,1,1,1,1,1,0,T1,21,4.83,6,3.33,4,4.38,6,3.83,5,4.12
26,Experimental,Ciencias de la Salud,1,Engineering/Sciences,Femenino,1999,8,Básica,1,2,3,1,1,1,2,2,1,2,1,2,2,1,1,2,3,1,1,4,2,1,1,2,1,2,0,0,0,0,0,0,0,1,0,0,0,0,0,0,0,0,0,0,0,0,0,1,0,0,0,0,T1,2,1.5,0,1.67,1,1.88,0,1.5,1,1.65
27,Experimental,Ingeniería,2,Engineering/Sciences,Femenino,2002,3,Básica,3,2,4,3,3,4,2,3,3,2,4,3,4,5,4,5,5,4,5,5,5,4,2,2,4,3,1,1,1,1,0,1,1,1,0,1,0,0,1,1,1,1,1,1,1,1,1,0,0,1,1,0,T1,19,3.17,5,2.83,3,4.62,8,3.33,3,3.58
28,Experimental,Educación,3,Social Sciences/Education,Femenino,2000,5,Básica,2,3,2,5,5,3,3,2,3,3,1,1,2,1,1,3,1,1,1,2,3,2,2,1,3,1,1,1,0,1,0,0,0,0,0,0,0,0,1,0,0,0,0,0,0,0,1,0,1,0,0,0,T1,6,3.33,3,2.17,0,1.5,1,2.0,2,2.19
29,Experimental,Ciencias,1,Engineering/Sciences,Femenino,2003,6,Ninguna,3,4,2,4,3,4,2,3,4,4,3,4,4,4,3,4,5,5,4,4,5,4,4,5,4,5,0,1,1,1,1,0,1,1,0,1,0,0,1,1,1,1,1,1,1,0,1,1,1,1,1,1,T1,20,3.33,4,3.33,3,4.12,7,4.5,6,3.85
30,Experimental,Ingeniería,2,Engineering/Sciences,Femenino,1998,6,Intermedia,2,1,1,2,1,1,1,1,1,1,2,1,5,3,5,1,3,5,5,1,5,1,1,2,1,3,1,1,0,0,0,0,0,0,0,0,0,0,1,1,1,1,1,1,1,0,1,0,0,0,0,0,T1,10,1.33,2,1.17,0,3.5,7,2.17,1,2.15
31,Experimental,Educación,3,Social Sciences/Education,Masculino,2001,8,Ninguna,4,5,2,4,5,3,2,1,1,1,1,1,4,5,4,4,5,4,5,5,2,3,1,4,3,3,1,0,1,1,1,1,0,0,0,1,0,0,1,1,0,0,1,1,1,1,0,0,0,1,0,1,T1,14,3.83,5,1.17,1,4.5,6,2.67,2,3.15
32,Experimental,Educación,3,Social Sciences/Education,Femenino,1998,4,Ninguna,4,3,3,4,5,5,4,5,4,5,3,5,4,2,3,4,4,2,5,4,2,5,3,2,5,4,1,1,1,1,1,1,1,1,1,1,0,1,1,1,1,0,0,1,0,1,1,1,1,0,1,0,T1,20,4.0,6,4.33,5,3.5,5,3.5,4,3.81
33,Experimental,Ingeniería,2,Engineering/Sciences,No binario,1999,5,Básica,5,4,4,4,3,3,3,2,3,3,5,3,3,2,3,5,3,4,5,4,4,2,3,5,4,4,1,1,1,1,1,1,1,1,0,0,0,0,1,1,1,0,1,1,0,1,1,1,1,1,1,1,T1,20,3.83,6,3.17,2,3.62,6,3.67,6,3.58
34,Experimental,Ciencias de la Salud,1,Engineering/Sciences,Masculino,2000,2,Básica,2,1,1,3,4,3,3,2,3,2,1,1,2,2,3,2,1,2,2,4,3,2,4,4,3,3,1,0,1,1,1,0,0,0,1,0,0,0,0,0,0,0,0,0,0,0,1,1,1,0,1,1,T1,10,2.33,4,2.0,1,2.25,0,3.17,5,2.42
35,Experimental,Ciencias,1,Engineering/Sciences,Masculino,2004,2,Básica,4,2,3,3,1,4,1,1,1,1,3,3,4,2,4,4,4,4,3,2,2,1,1,2,2,3,1,0,0,0,0,0,0,0,0,0,0,0,0,1,1,1,0,1,0,0,0,1,1,1,0,0,T1,8,2.83,1,1.67,0,3.38,4,1.83,3,2.5
36,Experimental,Ingeniería,2,Engineering/Sciences,Masculino,1999,4,Básica,4,3,4,4,3,4,4,2,1,3,3,2,1,3,1,3,2,2,3,3,3,3,3,2,3,4,1,1,1,0,0,0,1,1,1,0,0,0,1,1,1,1,0,0,1,0,1,1,1,0,0,1,T1,15,3.67,3,2.5,3,2.25,5,3.0,4,2.81
37,Experimental,Ciencias Sociales,4,Social Sciences/Education,Femenino,2000,4,Básica,4,3,3,4,2,4,2,3,3,2,4,4,3,2,5,2,2,3,4,4,1,1,3,2,1,3,1,1,1,1,1,1,1,0,0,1,1,1,1,1,1,1,0,1,0,1,1,1,0,0,0,0,T1,18,3.33,6,3.0,4,3.12,6,1.83,2,2.85
38,Experimental,Ingeniería,2,Engineering/Sciences,Masculino,1998,10,Avanzada,4,2,3,4,4,2,2,2,3,2,2,5,3,4,5,5,3,5,4,5,3,5,5,5,4,4,1,1,1,0,1,1,1,1,1,1,0,0,1,1,1,1,1,1,1,1,1,1,1,1,1,1,T1,23,3.17,5,2.67,4,4.25,8,4.33,6,3.65
39,Experimental,Ciencias,1,Engineering/Sciences,Masculino,2005,7,Básica,1,1,2,2,1,2,2,1,2,3,2,4,3,3,4,5,4,4,3,4,1,2,1,2,3,1,0,0,0,0,0,0,1,0,1,0,0,0,1,1,1,1,1,0,0,0,1,0,1,0,0,0,T1,9,1.5,0,2.33,2,3.75,5,1.67,2,2.42
40,Experimental,Ciencias,1,Engineering/Sciences,Masculino,2003,5,Básica,4,5,4,5,5,4,3,4,4,2,3,3,3,4,3,5,3,1,4,5,3,2,5,4,5,4,1,1,1,1,1,1,1,1,1,0,0,0,1,1,1,1,1,1,0,1,1,1,1,1,1,1,T1,22,4.5,6,3.17,3,3.5,7,3.83,6,3.73
41,Experimental,Educación,3,Social Sciences/Education,Masculino,2004,5,Avanzada,2,4,2,3,4,2,2,4,3,2,2,3,5,5,3,3,3,4,3,5,2,4,2,1,4,2,0,1,1,1,0,0,1,1,0,1,0,0,1,1,1,1,1,0,0,0,0,1,1,0,1,0,T1,14,2.83,3,2.67,3,3.88,5,2.5,3,3.04
42,Experimental,Arte y Humanidades,4,Social Sciences/Education,Masculino,2001,3,Ninguna,4,5,4,5,5,5,4,2,2,4,3,4,5,5,4,5,5,5,5,5,5,3,5,5,3,4,1,1,1,1,1,1,0,1,1,0,0,0,1,1,1,1,1,0,1,1,1,1,1,1,1,1,T1,21,4.67,6,3.17,2,4.88,7,4.17,6,4.27
43,Experimental,Ciencias Sociales,4,Social Sciences/Education,No binario,2004,4,Básica,2,3,2,3,3,3,2,1,1,1,1,1,2,1,3,3,1,2,3,2,1,1,1,1,2,2,1,1,1,0,1,1,0,0,1,0,0,0,1,1,1,0,0,0,0,0,0,0,1,0,0,0,T1,10,2.67,5,1.17,1,2.12,3,1.33,1,1.85
44,Experimental,Ciencias,1,Engineering/Sciences,Masculino,2004,6,Básica,2,3,2,3,3,2,3,2,2,4,2,2,4,4,4,5,5,5,2,4,4,3,5,5,3,3,1,0,0,0,0,0,0,1,0,0,1,0,1,1,1,1,1,1,1,1,1,0,0,1,0,0,T1,13,2.5,1,2.5,2,4.12,8,3.83,2,3.31
45,Experimental,Ciencias de la Salud,2,Engineering/Sciences,Femenino,1998,10,Básica,3,4,3,4,4,3,4,3,4,4,4,2,3,3,4,4,3,3,5,3,5,5,4,4,5,4,1,1,1,1,1,0,1,1,1,1,0,1,1,1,0,1,1,0,1,0,1,1,1,1,1,1,T1,21,3.5,5,3.5,5,3.5,5,4.5,6,3.73
46,Experimental,Ciencias de la Salud,2,Engineering/Sciences,Femenino,2005,4,Básica,4,3,4,4,3,4,1,1,3,1,1,2,2,2,3,3,2,2,4,1,2,2,3,2,2,1,1,1,1,0,1,0,1,0,0,0,1,0,1,0,0,0,0,0,0,1,1,0,0,0,0,0,T1,9,3.67,4,1.5,2,2.38,2,2.0,1,2.38
47,Experimental,Ciencias,1,Engineering/Sciences,Femenino,2003,3,Básica,3,2,2,4,3,3,4,2,3,2,1,4,4,4,5,3,4,4,5,3,3,4,4,3,3,4,1,1,0,1,0,1,1,1,0,0,0,0,1,1,1,1,0,0,1,1,1,1,0,1,0,0,T1,15,2.83,4,2.67,2,4.0,6,3.5,3,3.31
48,Experimental,Ciencias,1,Engineering/Sciences,Femenino,2002,6,Intermedia,3,1,3,1,2,2,1,1,1,1,2,1,3,3,3,1,2,2,3,2,3,5,1,3,3,2,1,1,0,1,0,1,1,0,0,0,0,0,1,1,0,1,0,0,0,0,1,0,0,1,0,1,T1,11,2.0,4,1.17,1,2.38,3,2.83,3,2.12
49,Experimental,Ingeniería,2,Engineering/Sciences,Masculino,2005,7,Básica,4,4,4,1,3,4,1,3,1,1,1,1,3,3,3,4,3,3,5,4,3,2,2,3,4,2,1,1,1,1,0,0,0,0,0,0,0,0,1,1,1,1,1,1,0,1,0,0,1,0,1,0,T1,13,3.33,4,1.33,0,3.5,7,2.67,2,2.77
50,Experimental,Educación,3,Social Sciences/Education,Femenino,2004,9,Ninguna,3,1,2,1,2,1,2,1,1,1,1,2,3,3,2,2,2,3,4,4,4,2,1,2,3,2,0,0,0,0,0,0,0,1,1,0,0,0,1,1,1,1,0,0,1,0,0,0,0,0,0,0,T1,7,1.67,0,1.33,2,2.88,5,2.33,0,2.12
51,Experimental,Arte y Humanidades,4,Social Sciences/Education,Femenino,1999,6,Ninguna,3,2,5,2,3,2,2,2,1,3,2,1,2,5,5,5,2,5,2,5,5,2,5,3,3,5,1,1,0,0,0,0,1,0,0,0,0,0,1,1,1,0,1,1,1,1,1,1,1,1,1,1,T1,16,2.83,2,1.83,1,3.88,7,3.83,6,3.15
52,Experimental,Ciencias,1,Engineering/Sciences,Femenino,2001,8,Avanzada,2,3,2,1,1,1,1,2,1,2,1,1,2,5,4,2,2,2,3,3,3,3,4,3,4,1,0,1,0,0,0,0,0,0,0,0,0,0,1,1,0,1,0,0,0,0,1,0,0,1,0,0,T1,6,1.67,1,1.33,0,2.88,3,3.0,2,2.27
53,Experimental,Educación,3,Social Sciences/Education,Femenino,2000,2,Básica,4,4,5,3,3,4,5,5,5,5,5,5,5,5,4,5,5,4,4,4,5,5,5,5,5,5,1,1,1,1,1,1,1,1,1,1,1,0,1,1,1,1,1,1,1,1,1,1,1,1,1,1,T1,25,3.83,6,5.0,5,4.5,8,5.0,6,4.58
54,Experimental,Arte y Humanidades,4,Social Sciences/Education,Masculino,2000,4,Básica,5,5,2,5,4,5,2,3,2,2,2,3,5,2,4,1,3,5,1,4,4,3,5,2,5,3,1,1,1,1,1,1,0,0,0,0,0,0,1,1,1,1,0,1,0,0,1,1,1,1,0,0,T1,15,4.33,6,2.33,0,3.12,5,3.67,4,3.35
55,Experimental,Arte y Humanidades,4,Social Sciences/Education,Femenino,2003,5,Básica,3,3,1,3,3,1,1,2,2,2,2,2,1,2,3,3,3,2,1,3,2,1,2,2,2,1,0,0,1,0,0,0,1,0,1,1,0,1,0,0,0,1,0,1,0,1,0,0,0,0,0,0,T1,8,2.33,1,1.83,4,2.25,3,1.67,0,2.04
56,Experimental,Ciencias,1,Engineering/Sciences,Masculino,2005,4,Básica,5,5,3,5,5,5,2,3,2,2,2,2,5,5,4,5,5,4,5,4,1,3,3,3,2,3,1,1,1,0,1,1,0,1,0,0,0,0,1,1,1,1,1,1,1,1,1,1,0,1,0,0,T1,17,4.67,5,2.17,1,4.62,8,2.5,3,3.58
57,Experimental,Ciencias Sociales,4,Social Sciences/Education,Femenino,2004,8,Básica,4,3,1,3,3,3,3,2,1,4,2,3,4,4,4,3,4,4,3,2,2,2,4,2,3,2,1,1,0,1,1,0,1,0,1,0,1,0,1,1,1,1,0,1,0,1,1,0,1,0,0,0,T1,15,2.83,4,2.5,3,3.5,6,2.5,2,2.88
58,Experimental,Ingeniería,2,Engineering/Sciences,Femenino,1998,2,Ninguna,4,4,3,4,3,5,4,4,2,4,3,4,4,3,3,4,4,5,3,5,4,5,5,3,3,3,1,1,0,0,1,0,1,1,1,0,1,1,1,1,1,0,1,0,1,0,1,1,1,0,0,1,T1,17,3.83,3,3.5,5,3.88,5,3.83,4,3.77
59,Experimental,Ingeniería,2,Engineering/Sciences,Femenino,2000,7,Básica,4,3,4,4,3,3,2,1,2,3,1,2,5,5,4,4,5,5,5,5,4,4,3,5,3,5,1,1,1,0,1,0,0,0,0,0,0,0,1,1,1,1,1,1,1,1,1,1,1,1,1,0,T1,17,3.5,4,1.83,0,4.75,8,4.0,5,3.62
60,Experimental,Educación,3,Social Sciences/Education,Femenino,1999,9,Intermedia,1,1,1,2,1,2,2,2,1,1,2,1,4,3,1,3,3,3,3,2,1,4,1,3,3,1,0,0,0,0,0,0,1,1,0,1,0,0,1,0,1,0,1,0,0,0,1,1,0,0,0,0,T1,8,1.33,0,1.5,3,2.75,3,2.17,2,2.0
61,Experimental,Educación,3,Social Sciences/Education,Masculino,2004,4,Básica,1,2,2,4,2,1,1,2,4,1,1,1,5,3,5,4,5,4,3,1,3,4,2,4,4,3,1,0,0,0,0,0,0,0,0,0,0,0,0,1,0,1,1,1,1,0,1,1,1,0,0,1,T1,10,2.0,1,1.67,0,3.75,5,3.33,4,2.77
62,Experimental,Ciencias,1,Engineering/Sciences,Femenino,2000,4,Básica,1,1,3,2,2,1,1,1,1,2,1,1,3,2,2,4,3,2,4,3,2,1,3,2,1,2,0,1,0,0,0,0,1,1,0,0,0,0,1,1,1,0,0,0,1,1,0,0,0,0,0,0,T1,8,1.67,1,1.17,2,2.88,5,1.83,0,1.96
63,Experimental,Ingeniería,2,Engineering/Sciences,Femenino,2000,6,Básica,5,5,5,5,3,5,4,3,2,3,4,4,4,5,4,3,4,1,2,5,4,3,4,5,3,5,1,0,1,1,1,1,1,1,1,1,0,1,1,0,1,1,1,1,1,0,1,1,0,0,1,1,T1,20,4.67,5,3.33,5,3.5,6,4.0,4,3.85
64,Experimental,Ciencias,1,Engineering/Sciences,Masculino,2004,7,Básica,5,5,4,5,4,5,5,5,3,5,4,4,3,2,2,3,3,5,3,3,3,3,4,4,3,3,1,1,1,1,1,1,1,1,1,1,1,0,1,1,0,1,0,1,0,0,1,1,1,0,0,0,T1,18,4.67,6,4.33,5,3.0,4,3.33,3,3.77
65,Experimental,Ciencias de la Salud,2,Engineering/Sciences,Femenino,2004,7,Básica,2,4,4,5,5,4,5,5,5,4,5,3,4,2,4,5,3,5,2,5,5,1,5,3,2,3,1,1,1,1,1,1,1,1,1,1,1,0,1,1,1,1,1,1,0,0,1,1,0,1,1,1,T1,22,4.0,6,4.5,5,3.75,6,3.17,5,3.85
66,Experimental,Ciencias Sociales,4,Social Sciences/Education,Femenino,2000,6,Básica,1,1,2,1,1,2,2,2,1,2,1,2,1,2,1,1,1,1,1,2,1,1,1,2,1,2,0,1,0,0,0,0,1,0,1,0,0,0,0,0,0,0,0,0,0,0,0,0,1,0,0,0,T1,4,1.33,1,1.67,2,1.25,0,1.33,1,1.38
67,Experimental,Arte y Humanidades,4,Social Sciences/Education,Femenino,2001,3,Avanzada,5,4,3,4,5,5,3,3,3,2,3,3,5,5,5,5,5,5,4,5,2,2,3,3,3,2,1,0,1,1,1,1,0,0,1,0,0,0,1,1,1,1,1,1,0,1,1,1,1,0,0,0,T1,16,4.33,5,2.83,1,4.88,7,2.5,3,3.73
68,Experimental,Ciencias,1,Engineering/Sciences,Femenino,2002,4,Ninguna,2,2,2,2,2,3,1,2,3,2,3,2,5,4,5,4,5,5,5,2,2,2,4,3,1,1,1,1,0,0,0,1,1,0,0,0,0,0,1,1,1,0,1,0,1,1,0,1,0,0,0,0,T1,11,2.17,3,2.17,1,4.38,6,2.17,1,2.85
69,Experimental,Educación,3,Social Sciences/Education,Masculino,2004,2,Básica,3,5,3,3,5,2,4,2,2,3,3,2,4,2,4,4,4,4,4,3,2,2,4,4,5,3,0,1,0,1,0,0,0,1,1,1,0,0,1,0,1,0,1,1,0,1,1,0,1,1,0,0,T1,13,3.5,2,2.67,3,3.62,5,3.33,3,3.31
70,Experimental,Ciencias de la Salud,2,Engineering/Sciences,Femenino,2002,5,Básica,3,2,2,3,3,3,3,2,3,2,2,2,5,3,4,4,4,4,2,4,2,3,2,3,2,2,1,1,0,0,0,0,1,1,0,0,0,0,1,0,1,0,1,0,0,1,1,1,1,0,0,0,T1,11,2.67,2,2.33,2,3.75,4,2.33,3,2.85
71,Experimental,Ciencias Sociales,4,Social Sciences/Education,Masculino,2001,3,Avanzada,2,3,2,4,4,3,2,3,1,4,3,3,5,5,4,5,5,5,4,4,3,4,3,3,4,3,1,1,1,1,0,0,1,1,0,0,0,0,1,1,1,1,1,1,0,0,0,0,0,1,0,1,T1,14,3.0,4,2.67,2,4.62,6,3.33,2,3.5
72,Experimental,Ciencias,1,Engineering/Sciences,No binario,2002,5,Intermedia,5,5,5,5,5,5,1,3,2,2,2,3,3,5,4,3,3,4,2,5,4,2,3,4,3,3,1,1,1,1,1,1,1,1,1,0,0,0,1,1,1,1,1,1,1,0,1,1,0,1,0,1,T1,20,5.0,6,2.17,3,3.62,7,3.17,4,3.5
73,Experimental,Educación,3,Social Sciences/Education,Masculino,2003,3,Básica,5,3,5,4,3,2,4,2,2,3,3,3,5,5,5,5,4,4,5,3,4,2,4,4,5,5,1,1,1,1,1,1,0,1,1,0,0,0,1,1,1,1,1,1,0,0,1,0,0,1,0,0,T1,16,3.67,6,2.83,2,4.5,6,4.0,2,3.81
74,Experimental,Ingeniería,2,Engineering/Sciences,Femenino,2002,10,Ninguna,3,3,2,2,3,1,2,4,2,2,2,3,4,2,2,3,3,3,5,2,1,1,2,1,2,4,0,0,1,0,0,0,1,0,1,1,1,0,0,1,0,0,0,0,1,0,0,0,0,0,0,0,T1,7,2.33,1,2.5,4,3.0,2,1.83,0,2.46
75,Experimental,Ciencias de la Salud,2,Engineering/Sciences,Femenino,2003,6,Básica,4,3,4,5,5,5,3,3,3,4,2,5,5,4,4,3,4,5,4,4,4,4,2,4,5,4,1,1,1,1,1,1,1,1,0,1,0,0,1,1,1,1,0,1,1,1,1,1,0,1,1,0,T1,20,4.33,6,3.33,3,4.12,7,3.83,4,3.92
76,Control,Ingeniería,5,Engineering/Sciences,Femenino,1998,3,Intermedia,1,2,2,3,2,3,3,1,2,1,1,2,2,2,3,1,3,2,2,2,2,2,2,2,2,2,0,0,0,0,1,1,0,0,0,0,0,0,1,1,0,0,0,0,0,0,0,0,0,0,0,0,T1,4,2.17,2,1.67,0,2.12,2,2.0,0,2.0
77,Control,Educación,7,Social Sciences/Education,Femenino,2004,5,Básica,5,4,5,1,4,4,4,5,5,1,4,2,4,3,3,3,5,1,5,3,4,5,3,3,3,3,1,1,0,1,1,0,1,1,0,1,0,0,1,1,1,0,1,0,1,1,0,1,0,1,1,0,T1,16,3.83,4,3.5,3,3.38,6,3.5,3,3.54
78,Control,Educación,7,Social Sciences/Education,No binario,2005,4,Intermedia,3,4,3,2,4,4,2,2,3,2,2,2,3,3,4,1,4,2,3,3,4,3,4,2,3,3,1,1,0,0,0,0,1,0,0,0,0,0,0,1,0,0,1,0,0,1,0,1,0,1,0,1,T1,9,3.33,2,2.17,1,2.88,3,3.17,3,2.88
79,Control,Ciencias,6,Engineering/Sciences,Masculino,2003,2,Intermedia,2,4,5,5,3,2,1,1,2,4,2,2,5,4,5,5,5,5,4,4,2,2,4,2,5,5,1,1,1,1,0,0,1,1,0,0,0,0,1,1,1,1,1,1,1,0,1,1,1,1,1,0,T1,18,3.5,4,2.0,2,4.62,7,3.33,5,3.46
80,Control,Arte y Humanidades,8,Social Sciences/Education,Femenino,2005,5,Básica,4,3,4,3,3,4,1,1,3,4,1,2,5,5,5,4,4,3,3,2,4,1,3,3,2,2,0,1,1,0,1,0,0,1,1,0,0,0,1,0,0,1,0,1,0,0,1,0,0,0,0,0,T1,9,3.5,3,2.0,2,3.88,3,2.5,1,3.04
81,Control,Educación,7,Social Sciences/Education,Femenino,2005,5,Avanzada,2,3,3,3,2,1,1,1,2,3,2,3,3,3,1,3,4,3,3,3,3,4,4,3,5,5,0,0,1,0,0,0,0,0,0,0,0,0,1,0,0,0,1,0,0,1,1,1,1,1,0,0,T1,8,2.33,1,2.0,0,2.88,3,4.0,4,2.81
82,Control,Arte y Humanidades,8,Social Sciences/Education,Masculino,2004,8,Intermedia,2,3,2,2,2,2,1,2,1,1,1,1,3,3,3,5,3,4,4,3,2,3,2,3,2,3,0,0,0,0,0,0,0,0,0,0,0,0,1,1,0,1,0,0,0,1,1,0,1,0,0,0,T1,6,2.17,0,1.17,0,3.5,4,2.5,2,2.42
83,Control,Ciencias de la Salud,6,Engineering/Sciences,Femenino,1999,7,Básica,4,2,5,3,4,3,3,3,2,3,2,2,3,4,3,3,3,4,3,4,1,1,2,3,1,4,1,0,1,0,0,0,1,1,0,0,0,0,1,1,0,1,0,0,0,0,0,0,0,0,0,0,T1,7,3.5,2,2.5,2,3.38,3,2.0,0,2.88
84,Control,Educación,7,Social Sciences/Education,Masculino,2001,5,Básica,3,3,2,2,3,2,2,2,1,1,2,2,4,4,4,3,4,4,5,5,4,2,3,2,3,2,0,0,0,0,1,0,0,0,0,0,0,0,1,1,1,1,1,1,0,0,1,0,0,1,0,0,T1,9,2.5,1,1.67,0,4.12,6,2.67,2,2.85
85,Control,Ingeniería,5,Engineering/Sciences,Masculino,2005,6,Ninguna,2,2,1,2,2,2,1,1,1,1,1,2,3,2,3,2,2,4,1,2,2,1,3,1,1,1,0,1,0,0,0,0,0,0,0,0,0,0,1,0,1,0,0,0,0,0,0,0,0,0,0,0,T1,3,1.83,1,1.17,0,2.38,2,1.5,0,1.77
86,Control,Ingeniería,5,Engineering/Sciences,Femenino,1999,6,Ninguna,2,2,1,1,2,3,1,1,2,1,1,2,2,4,2,3,4,3,2,3,2,2,4,2,1,1,0,0,0,0,0,0,1,0,0,0,0,0,1,1,0,1,0,0,0,0,1,1,0,0,0,0,T1,6,1.83,0,1.33,1,2.88,3,2.0,2,2.08
87,Control,Ciencias de la Salud,6,Engineering/Sciences,Masculino,2004,6,Básica,5,5,2,2,3,1,5,2,2,1,4,4,3,5,5,2,1,5,5,5,3,5,3,4,5,3,1,0,1,1,1,0,1,1,1,1,0,0,0,1,0,0,1,0,0,1,1,1,0,1,1,0,T1,15,3.0,4,3.0,4,3.88,3,3.83,4,3.46
88,Control,Educación,7,Social Sciences/Education,Femenino,2005,5,Intermedia,2,2,4,3,2,3,1,2,3,1,1,2,4,4,4,3,3,3,3,5,2,2,3,2,2,1,1,1,0,0,0,1,0,0,0,0,0,0,1,1,0,0,1,0,1,0,1,0,0,1,0,0,T1,9,2.67,3,1.67,0,3.62,4,2.0,2,2.58
89,Control,Ingeniería,5,Engineering/Sciences,Femenino,2004,7,Avanzada,4,3,3,4,2,4,1,2,1,2,4,2,5,4,3,3,2,4,2,4,2,1,2,2,2,1,1,0,1,0,0,0,0,0,0,0,0,0,1,1,0,1,1,0,1,0,0,0,0,0,0,0,T1,7,3.33,2,2.0,0,3.38,5,1.67,0,2.65
90,Control,Ciencias,6,Engineering/Sciences,Masculino,1998,3,Intermedia,3,4,3,5,5,4,4,2,2,2,3,2,4,5,4,4,5,5,4,3,3,3,4,2,3,3,1,1,1,0,1,0,1,1,1,0,0,0,1,1,1,1,1,1,1,0,1,1,0,0,1,0,T1,17,4.0,4,2.5,3,4.25,7,3.0,3,3.5
91,Control,Ciencias,6,Engineering/Sciences,Masculino,2002,6,Básica,3,5,4,5,1,4,3,4,3,5,2,4,3,5,1,2,1,4,2,3,5,4,4,2,5,2,1,1,1,1,1,1,1,0,0,1,1,0,1,0,0,0,0,0,0,0,0,1,0,1,0,0,T1,12,3.67,6,3.5,3,2.62,1,3.67,2,3.31
92,Control,Arte y Humanidades,8,Social Sciences/Education,Femenino,2004,3,Intermedia,3,3,4,3,4,2,2,1,2,2,1,1,3,4,3,3,4,4,1,5,2,2,3,3,3,2,1,0,0,1,0,0,0,0,0,0,0,0,1,1,1,1,0,0,0,0,0,1,0,0,0,0,T1,7,3.17,2,1.5,0,3.38,4,2.5,1,2.69
93,Control,Ciencias de la Salud,6,Engineering/Sciences,Femenino,2002,4,Básica,1,3,4,3,2,2,1,2,1,1,1,2,3,3,3,3,3,3,3,2,1,2,2,2,1,3,0,1,0,0,0,0,0,0,0,0,0,0,0,1,0,0,0,0,0,0,1,1,0,0,0,0,T1,4,2.5,1,1.33,0,2.88,1,1.83,2,2.19
94,Control,Ingeniería,5,Engineering/Sciences,Femenino,2002,10,Intermedia,5,4,2,4,3,5,3,3,4,4,4,3,5,5,5,5,4,5,5,5,3,5,4,4,4,2,1,1,1,0,1,1,1,1,0,0,1,1,1,1,1,1,1,1,0,1,1,0,1,0,0,0,T1,18,3.83,5,3.5,4,4.88,7,3.67,2,4.04
95,Control,Ingeniería,5,Engineering/Sciences,Femenino,2000,5,Intermedia,3,4,4,4,4,4,2,1,4,2,3,3,5,5,4,3,4,4,4,4,4,2,3,2,3,2,1,1,1,1,1,0,1,1,0,0,1,0,1,1,1,1,1,1,0,0,1,0,0,0,1,1,T1,17,3.83,5,2.5,3,4.12,6,2.67,3,3.35
96,Control,Educación,7,Social Sciences/Education,Masculino,2001,7,Básica,2,4,2,4,2,2,2,2,3,2,4,4,1,2,2,2,2,2,2,1,2,3,2,2,3,3,1,1,1,1,0,0,1,0,0,0,0,0,0,0,0,0,0,1,0,0,0,1,0,0,1,0,T1,8,2.67,4,2.83,1,1.75,1,2.5,2,2.38
97,Control,Ciencias Sociales,8,Social Sciences/Education,Masculino,2005,7,Intermedia,2,1,1,2,1,2,2,1,2,2,2,3,4,2,4,5,2,3,4,2,3,2,2,3,4,2,0,0,1,0,0,0,0,0,0,0,0,0,1,1,0,1,0,0,1,0,1,0,0,0,0,0,T1,6,1.5,1,2.0,0,3.25,4,2.67,1,2.42
98,Control,Ciencias Sociales,8,Social Sciences/Education,Femenino,2005,7,Avanzada,3,3,3,4,3,5,2,2,2,1,1,2,3,4,3,2,2,3,1,1,2,2,2,2,5,1,1,0,1,0,0,0,1,0,0,0,0,0,1,1,1,0,0,1,0,0,1,0,0,0,0,0,T1,8,3.5,2,1.67,1,2.38,4,2.33,1,2.46
99,Control,Arte y Humanidades,8,Social Sciences/Education,Masculino,2005,5,Intermedia,3,1,3,2,1,2,2,1,2,1,3,2,3,4,5,3,5,4,4,4,3,1,3,3,4,4,1,1,0,0,0,0,1,0,0,0,0,0,1,1,1,1,1,1,1,1,1,0,0,0,0,0,T1,12,2.0,2,1.83,1,4.0,8,3.0,1,2.81
100,Control,Arte y Humanidades,8,Social Sciences/Education,Masculino,2002,8,Ninguna,1,1,1,1,1,1,4,3,1,1,2,1,3,2,2,2,3,2,3,2,3,4,3,2,2,3,0,0,0,0,0,0,0,1,1,0,0,0,1,1,0,0,0,0,1,0,0,1,1,0,0,0,T1,7,1.0,0,2.0,2,2.38,3,2.83,2,2.08
101,Control,Educación,7,Social Sciences/Education,Femenino,1999,2,Ninguna,1,1,1,1,1,1,1,2,1,1,1,2,1,2,2,2,1,2,5,5,2,1,2,1,2,1,0,0,0,0,0,0,0,0,0,0,0,0,1,0,1,0,0,0,0,0,0,0,0,1,0,0,T1,3,1.0,0,1.33,0,2.5,2,1.5,1,1.65
102,Control,Ciencias de la Salud,6,Engineering/Sciences,Masculino,2000,4,Intermedia,3,2,3,2,2,3,2,3,2,1,2,3,2,2,2,1,2,3,2,2,2,1,2,2,1,2,1,1,1,0,1,0,0,1,0,0,0,0,1,1,0,0,0,0,0,0,0,0,1,0,0,0,T1,8,2.5,4,2.17,1,2.0,2,1.67,1,2.08
103,Control,Ciencias,6,Engineering/Sciences,Femenino,1999,2,Intermedia,3,2,4,3,3,5,2,2,2,3,1,2,4,4,3,3,4,4,4,3,2,3,2,3,3,3,1,1,0,1,0,0,1,1,1,0,0,0,1,0,1,0,0,0,0,1,0,1,1,0,0,1,T1,12,3.33,3,2.0,3,3.62,3,2.67,3,2.96
104,Control,Ciencias de la Salud,6,Engineering/Sciences,Masculino,1999,5,Avanzada,1,1,2,1,1,2,1,1,3,1,1,1,1,1,2,2,2,2,1,1,1,1,1,2,1,1,1,0,0,0,0,0,0,0,0,0,0,0,1,1,0,0,0,0,0,1,0,0,0,0,0,0,T1,4,1.33,1,1.33,0,1.5,3,1.17,0,1.35
105,Control,Ingeniería,5,Engineering/Sciences,Masculino,1998,3,Ninguna,3,4,4,4,3,3,4,4,3,2,5,3,5,5,4,5,5,4,5,4,4,4,4,3,5,4,1,1,1,0,1,0,1,0,1,1,1,1,1,1,1,1,1,0,1,1,1,1,1,1,0,0,T1,20,3.5,4,3.5,5,4.62,7,4.0,4,3.96
106,Control,Ciencias,6,Engineering/Sciences,Masculino,1999,5,Básica,3,4,4,4,3,5,3,4,3,5,3,4,4,3,4,3,5,3,5,4,5,5,3,2,4,3,0,1,1,1,1,1,1,0,1,1,0,0,1,1,1,1,1,1,0,0,1,1,0,1,1,0,T1,18,3.83,5,3.67,3,3.88,6,3.67,4,3.77
107,Control,Ciencias,6,Engineering/Sciences,Masculino,2003,7,Básica,3,4,2,2,3,4,3,2,3,3,4,3,2,3,3,3,1,3,2,3,4,2,4,3,3,5,1,1,1,1,0,0,1,1,1,1,0,0,1,1,0,0,0,0,0,0,1,1,1,1,0,0,T1,14,3.0,4,3.0,4,2.5,2,3.5,4,2.96
108,Control,Ingeniería,5,Engineering/Sciences,Masculino,2004,2,Básica,3,4,3,2,4,3,1,1,1,1,1,1,2,2,2,1,3,1,2,1,1,1,1,1,1,1,0,1,0,1,1,1,0,0,1,0,0,0,1,0,0,0,0,0,0,1,1,0,0,0,0,0,T1,8,3.17,4,1.0,1,1.75,2,1.0,1,1.73
109,Control,Ingeniería,5,Engineering/Sciences,Femenino,2002,2,Ninguna,3,4,3,3,2,2,1,3,2,1,3,2,5,5,4,4,5,3,3,4,2,3,3,5,2,4,1,1,0,1,1,0,0,0,0,0,0,1,0,1,0,0,0,1,1,0,1,1,1,0,1,1,T1,13,2.83,4,2.0,1,4.12,3,3.17,5,3.12
110,Control,Ciencias Sociales,8,Social Sciences/Education,Femenino,2003,8,Ninguna,5,5,5,5,2,1,2,1,1,1,2,1,2,1,1,1,1,1,1,2,1,1,1,1,1,1,1,0,1,0,0,0,0,0,0,0,0,0,1,1,0,0,0,0,0,0,0,0,0,0,1,0,T1,5,3.83,2,1.33,0,1.25,2,1.0,1,1.81
111,Control,Ciencias de la Salud,6,Engineering/Sciences,Masculino,2003,6,Intermedia,3,4,4,2,2,2,1,2,2,1,3,1,1,2,3,2,2,1,2,1,1,2,3,1,1,1,1,1,0,1,0,0,0,1,1,0,0,0,1,1,0,0,0,0,0,0,0,0,0,0,0,0,T1,7,2.83,3,1.67,2,1.75,2,1.5,0,1.92
112,Control,Ciencias,6,Engineering/Sciences,Masculino,2000,3,Básica,2,2,2,2,3,2,3,2,2,2,2,3,2,3,3,1,4,3,3,2,3,3,3,1,3,2,1,0,1,0,0,0,0,0,0,1,0,0,1,1,0,0,0,1,0,0,1,1,0,0,0,0,T1,8,2.17,2,2.33,1,2.62,3,2.5,2,2.42
113,Control,Ciencias de la Salud,6,Engineering/Sciences,Masculino,2003,3,Ninguna,2,3,2,2,2,2,1,1,1,1,1,1,4,3,2,4,3,1,3,4,1,2,3,2,3,3,1,1,0,0,0,0,0,0,0,0,0,0,1,0,1,0,0,0,0,0,1,0,1,0,0,1,T1,7,2.17,2,1.0,0,3.0,2,2.33,3,2.19
114,Control,Educación,7,Social Sciences/Education,Masculino,2001,6,Ninguna,1,2,2,3,1,1,1,2,2,1,3,1,2,2,2,3,1,4,2,2,3,1,1,2,2,2,0,1,0,0,0,0,1,0,0,0,0,0,1,1,0,0,0,0,0,0,1,0,0,0,0,0,T1,5,1.67,1,1.67,1,2.25,2,1.83,1,1.88
115,Control,Ingeniería,5,Engineering/Sciences,Femenino,2004,3,Intermedia,2,1,3,3,2,1,1,1,1,1,1,2,2,2,3,3,3,3,5,3,2,1,1,2,1,1,1,0,0,1,0,0,0,0,0,0,0,0,1,0,1,1,0,0,1,0,0,0,0,0,0,0,T1,6,2.0,2,1.17,0,3.0,4,1.33,0,1.96
116,Control,Ingeniería,5,Engineering/Sciences,Masculino,1998,10,Básica,4,5,5,4,5,4,2,2,3,4,2,2,3,3,4,4,3,4,4,4,2,2,3,4,2,2,1,1,0,0,1,1,0,1,0,0,0,1,1,1,1,1,1,1,0,0,1,1,0,0,0,0,T1,14,4.5,4,2.5,2,3.62,6,2.5,2,3.31
117,Control,Educación,7,Social Sciences/Education,Masculino,2003,7,Básica,3,2,2,3,2,4,2,2,2,2,3,2,4,3,5,3,4,4,3,2,3,3,4,4,3,4,0,1,1,0,1,0,0,0,0,0,0,0,0,0,1,1,0,0,1,0,1,1,1,1,0,0,T1,10,2.67,3,2.17,0,3.5,3,3.5,4,3.0
118,Control,Ciencias Sociales,8,Social Sciences/Education,Femenino,1998,7,Ninguna,1,2,3,2,3,1,1,1,1,1,1,1,2,2,4,2,3,3,2,2,1,1,3,1,1,1,0,1,0,0,0,0,0,0,0,0,0,0,0,1,0,0,0,0,0,0,0,0,0,0,0,0,T1,2,2.0,1,1.0,0,2.5,1,1.33,0,1.77
119,Control,Educación,7,Social Sciences/Education,Femenino,1999,6,Básica,1,4,2,2,4,2,4,3,3,4,3,3,5,5,4,5,4,5,4,4,4,3,5,3,3,4,0,0,0,0,0,0,1,0,1,0,0,0,1,1,1,1,1,1,1,1,1,0,0,1,1,0,T1,13,2.5,0,3.33,2,4.5,8,3.67,3,3.58
120,Control,Ciencias Sociales,8,Social Sciences/Education,Femenino,2000,3,Básica,4,3,3,4,5,4,2,3,3,1,4,3,5,5,5,5,4,5,5,5,4,4,3,3,5,3,1,0,1,0,1,1,1,1,0,1,1,0,1,1,1,1,1,1,0,1,1,0,1,1,0,0,T1,18,3.83,4,2.67,4,4.88,7,3.67,3,3.85
121,Control,Arte y Humanidades,8,Social Sciences/Education,Masculino,2005,3,Básica,2,2,2,2,3,2,1,1,1,1,1,1,1,1,3,2,1,2,1,2,1,1,1,2,2,2,0,1,0,0,0,0,0,0,1,0,0,0,0,0,0,0,0,0,0,0,0,0,1,0,0,0,T1,3,2.17,1,1.0,1,1.62,0,1.5,1,1.58
122,Control,Educación,7,Social Sciences/Education,Femenino,2003,6,Básica,2,1,1,1,1,2,2,1,2,2,1,1,3,2,1,2,2,1,2,2,1,1,2,1,2,1,0,0,0,0,0,0,0,1,0,0,0,0,1,0,1,0,0,0,0,0,0,1,0,0,0,0,T1,4,1.33,0,1.5,1,1.88,2,1.33,1,1.54
123,Control,Ciencias,6,Engineering/Sciences,Masculino,1999,4,Ninguna,5,3,4,5,4,3,4,3,4,1,3,3,3,4,3,2,4,4,3,4,5,4,5,3,4,3,1,1,1,1,0,1,0,0,0,0,0,0,1,1,1,1,0,0,0,1,1,0,1,0,1,0,T1,13,4.0,5,3.0,0,3.38,5,4.0,3,3.58
124,Control,Ciencias,6,Engineering/Sciences,Femenino,2005,5,Básica,4,4,3,4,3,3,3,2,2,2,2,3,3,4,4,3,4,4,4,4,2,2,3,3,2,2,1,1,1,1,1,0,0,1,0,0,0,0,1,0,1,1,0,0,0,0,1,0,0,1,0,0,T1,11,3.5,5,2.33,1,3.75,3,2.33,2,3.04
125,Control,Arte y Humanidades,7,Social Sciences/Education,Femenino,2001,8,Ninguna,1,2,2,1,1,1,1,1,1,1,2,1,1,3,2,1,3,3,3,3,1,1,1,1,2,1,0,1,0,0,0,0,0,0,0,0,0,0,1,1,1,1,0,1,0,0,0,0,0,0,0,0,T1,6,1.33,1,1.17,0,2.38,5,1.17,0,1.58
126,Control,Ingeniería,5,Engineering/Sciences,Masculino,2004,7,Intermedia,4,3,4,3,3,4,4,3,5,5,3,4,2,2,3,1,1,4,2,4,5,3,2,1,2,2,1,0,0,1,1,0,1,1,1,1,1,0,1,1,1,1,0,0,1,0,0,1,1,0,0,0,T1,15,3.5,3,4.0,5,2.38,5,2.5,2,3.04
127,Control,Ingeniería,5,Engineering/Sciences,Femenino,2005,7,Básica,2,2,2,3,2,4,2,2,3,2,4,2,2,4,1,2,1,2,2,3,2,3,3,2,2,2,1,1,0,0,0,0,0,1,1,0,0,0,1,1,0,0,0,0,0,0,1,0,0,0,0,0,T1,7,2.5,2,2.5,2,2.12,2,2.33,1,2.35
128,Control,Ingeniería,5,Engineering/Sciences,Masculino,2002,7,Básica,3,3,2,3,3,5,1,1,1,1,2,2,4,3,4,4,3,3,2,3,2,4,2,1,4,1,1,1,1,1,0,0,0,0,0,0,0,0,1,1,1,0,1,0,0,0,1,0,1,0,0,0,T1,10,3.17,4,1.33,0,3.25,4,2.33,2,2.58
129,Control,Educación,7,Social Sciences/Education,Masculino,2004,7,Intermedia,4,2,4,3,4,4,3,1,2,3,4,3,3,4,3,4,3,4,4,4,3,3,5,2,3,3,1,1,0,1,0,1,1,1,1,1,0,0,1,0,1,0,1,0,1,0,1,0,0,0,0,0,T1,13,3.5,4,2.67,4,3.62,4,3.17,1,3.27
130,Control,Ciencias,6,Engineering/Sciences,Femenino,2003,4,Básica,3,2,3,2,5,3,1,2,1,1,2,1,3,3,5,4,3,5,2,3,3,3,2,3,4,3,0,1,0,0,0,0,1,1,0,0,0,0,1,1,0,1,0,1,0,0,1,0,1,1,0,1,T1,11,3.0,1,1.33,2,3.5,4,3.0,4,2.77
131,Control,Ciencias Sociales,8,Social Sciences/Education,Femenino,2002,4,Ninguna,1,1,2,1,1,1,1,1,1,1,1,1,1,2,1,1,1,1,2,1,2,1,1,1,1,2,1,0,0,0,0,0,0,0,0,0,0,0,1,0,0,0,0,0,0,0,0,0,0,0,0,0,T1,2,1.17,1,1.0,0,1.25,1,1.33,0,1.19
132,Control,Ingeniería,5,Engineering/Sciences,Masculino,2004,5,Avanzada,5,5,4,4,2,4,3,5,4,5,5,5,5,2,3,3,1,3,3,3,5,5,2,4,4,3,1,1,0,0,0,1,1,1,1,0,1,0,1,1,0,0,0,0,0,0,1,1,0,0,0,1,T1,12,4.0,3,4.5,4,2.88,2,3.83,3,3.73
133,Control,Ingeniería,5,Engineering/Sciences,Femenino,2004,8,Básica,3,2,4,4,2,1,1,1,1,1,2,1,3,4,4,3,3,3,2,2,2,2,1,2,1,2,1,1,1,0,0,0,0,1,0,0,0,0,1,1,0,1,1,1,0,0,0,0,0,0,0,0,T1,9,2.67,3,1.17,1,3.0,5,1.67,0,2.19
134,Control,Ciencias Sociales,8,Social Sciences/Education,Masculino,2005,4,Básica,2,1,2,2,2,3,2,1,1,1,1,1,3,3,2,3,3,3,1,2,2,1,2,3,1,2,1,0,1,0,0,0,0,0,1,0,0,0,1,1,0,0,0,1,0,0,0,0,0,0,0,0,T1,6,2.0,2,1.17,1,2.5,3,1.83,0,1.92
135,Control,Ciencias de la Salud,6,Engineering/Sciences,Femenino,2003,3,Básica,2,2,2,2,2,2,2,1,1,2,1,1,3,4,5,3,4,2,2,1,1,2,3,1,5,2,0,0,0,0,0,0,1,0,0,0,0,0,1,0,0,0,0,0,0,0,1,0,0,0,0,0,T1,3,2.0,0,1.33,1,3.0,1,2.33,1,2.23
136,Control,Ciencias,6,Engineering/Sciences,Femenino,1998,5,Básica,3,5,3,1,3,3,2,1,1,2,4,4,4,4,5,2,5,4,4,4,3,5,1,4,3,3,0,0,1,0,0,0,1,0,0,0,0,0,1,1,1,1,0,1,0,0,1,0,0,0,1,1,T1,10,3.0,1,2.33,1,4.0,5,3.17,3,3.19
137,Control,Ingeniería,5,Engineering/Sciences,Masculino,2003,6,Avanzada,1,1,2,1,2,3,1,1,2,1,1,1,4,3,2,1,2,4,5,4,2,1,1,1,2,1,0,0,0,0,0,0,1,0,0,0,0,0,1,1,1,1,0,0,0,0,0,0,0,0,0,0,T1,5,1.67,0,1.17,1,3.12,4,1.33,0,1.92
138,Control,Ciencias,6,Engineering/Sciences,Masculino,2002,4,Intermedia,2,1,1,1,2,5,1,1,2,2,1,1,3,1,2,2,2,2,2,1,2,1,1,3,1,2,0,0,0,0,0,0,0,1,0,0,0,0,1,0,0,0,0,0,0,0,0,0,0,0,0,0,T1,2,2.0,0,1.33,1,1.88,1,1.67,0,1.73
139,Control,Educación,7,Social Sciences/Education,Masculino,2005,1,Básica,2,3,4,1,1,5,1,5,2,1,2,2,2,5,2,5,5,5,2,1,2,1,1,1,2,2,0,0,1,1,0,0,0,0,0,0,0,0,1,1,0,0,0,0,0,1,0,1,0,0,0,0,T1,6,2.67,2,2.17,0,3.38,3,1.5,1,2.5
140,Control,Ciencias,6,Engineering/Sciences,Femenino,2005,5,Básica,2,1,2,2,2,2,3,2,2,2,2,2,2,3,3,3,4,3,3,4,1,2,2,4,2,1,1,0,0,0,0,0,1,0,0,0,0,0,1,0,1,0,0,0,0,1,0,0,0,0,1,0,T1,6,1.83,1,2.17,1,3.12,3,2.0,1,2.35
141,Control,Ciencias Sociales,8,Social Sciences/Education,Femenino,2002,9,Avanzada,4,4,3,3,2,3,5,4,4,5,5,5,5,5,5,4,5,4,5,5,2,4,5,4,5,5,1,1,0,1,0,0,1,1,1,1,0,0,1,1,1,0,1,1,0,0,1,0,1,1,0,1,T1,16,3.17,3,4.67,4,4.75,5,4.17,4,4.23
142,Control,Ciencias Sociales,8,Social Sciences/Education,Masculino,2000,1,Ninguna,4,4,5,4,3,3,2,1,2,1,2,1,2,2,2,1,2,3,3,2,1,2,2,2,2,2,1,1,1,1,0,0,0,0,0,0,0,0,0,1,0,0,0,0,0,0,0,0,0,0,0,0,T1,5,3.83,4,1.5,0,2.12,1,1.83,0,2.31
143,Control,Ingeniería,5,Engineering/Sciences,Masculino,2002,7,Intermedia,1,1,1,1,2,2,1,1,1,1,2,2,3,1,2,2,2,2,2,1,2,2,1,2,3,4,1,0,0,0,0,1,0,0,1,0,0,0,1,1,0,1,0,0,0,0,0,1,1,0,0,0,T1,8,1.33,2,1.33,1,1.88,3,2.33,2,1.73
144,Control,Ingeniería,5,Engineering/Sciences,Masculino,2003,6,Intermedia,4,4,3,3,2,2,1,2,1,1,2,2,2,4,5,4,3,4,2,3,1,1,2,1,2,3,0,1,1,0,0,0,0,0,0,0,0,0,1,1,1,1,1,0,1,0,0,0,0,0,0,0,T1,8,3.0,2,1.5,0,3.38,6,1.67,0,2.46
145,Control,Arte y Humanidades,7,Social Sciences/Education,Masculino,1998,3,Básica,5,3,4,3,5,2,4,5,4,2,4,3,3,5,3,4,3,4,5,4,4,4,4,5,4,4,1,0,0,1,0,1,1,1,1,0,0,0,1,1,0,1,1,1,0,0,1,1,1,1,1,1,T1,17,3.67,3,3.67,3,3.88,5,4.17,6,3.85
146,Control,Educación,7,Social Sciences/Education,Masculino,2000,3,Ninguna,4,3,3,3,3,2,2,2,3,2,1,1,4,3,4,4,4,5,4,4,5,3,4,5,4,2,1,1,0,1,1,0,0,1,1,0,1,0,1,1,0,1,1,0,0,1,1,0,1,0,0,1,T1,15,3.0,4,1.83,3,4.0,5,3.83,3,3.23
147,Control,Ciencias Sociales,8,Social Sciences/Education,Femenino,2001,6,Básica,2,4,5,4,3,4,3,4,2,3,3,4,3,4,4,3,3,3,2,2,2,3,4,4,2,3,1,1,1,1,0,1,1,1,1,0,0,0,1,1,1,0,1,1,0,0,0,1,1,0,0,0,T1,15,3.67,5,3.17,3,3.0,5,3.0,2,3.19
148,Control,Ingeniería,5,Engineering/Sciences,Femenino,1999,3,Ninguna,3,3,4,4,1,5,1,5,4,5,1,4,4,3,1,4,4,2,5,4,4,5,4,5,5,4,1,1,1,1,0,0,0,1,0,0,0,1,1,0,0,1,0,1,1,0,1,1,1,1,1,1,T1,16,3.33,4,3.33,2,3.38,4,4.5,6,3.62
149,Control,Ciencias Sociales,8,Social Sciences/Education,Femenino,2001,9,Básica,4,4,4,4,4,4,3,4,2,3,4,4,5,5,4,4,5,5,5,5,3,4,5,3,4,5,1,1,1,1,0,1,1,1,1,0,0,0,1,1,1,1,1,1,0,0,1,0,1,1,1,0,T1,18,4.0,5,3.33,3,4.75,6,4.0,4,4.08
150,Control,Arte y Humanidades,7,Social Sciences/Education,Masculino,2003,3,Básica,3,2,2,1,1,4,1,1,1,1,2,1,1,3,3,2,3,1,2,2,3,3,3,3,3,2,0,1,0,0,0,0,0,0,0,0,0,0,1,1,0,0,0,0,0,0,1,0,0,0,0,0,T1,4,2.17,1,1.17,0,2.12,2,2.83,1,2.08
1,Experimental,Arte y Humanidades,4,Social Sciences/Education,Masculino,2002,6,Básica,4,4,5,4,3,5,5,3,5,4,2,3,5,5,5,5,5,5,4,3,5,4,5,4,5,4,1,1,1,1,1,1,1,0,1,1,1,0,1,1,1,1,0,1,1,1,1,1,1,1,0,0,T2,21,4.17,6,3.67,4,4.62,7,4.5,4,4.27
2,Experimental,Ciencias Sociales,4,Social Sciences/Education,Masculino,2002,6,Básica,4,3,4,4,3,3,2,2,2,2,2,1,5,5,5,5,5,4,5,5,2,2,3,4,4,2,1,1,1,0,0,1,0,0,0,0,0,0,1,1,1,1,0,1,0,1,1,1,1,0,0,0,T2,13,3.5,4,1.83,0,4.88,6,2.83,3,3.38
3,Experimental,Ciencias de la Salud,1,Engineering/Sciences,Masculino,2004,2,Básica,4,3,4,4,5,3,4,3,4,2,4,2,4,4,4,5,4,5,3,4,4,5,4,2,4,3,1,1,1,1,0,0,1,0,1,0,1,0,1,1,1,1,0,1,0,0,1,0,0,1,0,0,T2,14,3.83,4,3.17,3,4.12,5,3.67,2,3.73
4,Experimental,Ingeniería,2,Engineering/Sciences,Masculino,2004,5,Avanzada,3,4,1,3,3,4,2,2,1,2,3,2,3,2,2,3,3,1,3,2,3,2,4,2,1,3,0,1,0,1,0,0,0,0,0,0,1,0,1,1,1,1,1,0,0,0,1,1,0,0,0,0,T2,10,3.0,2,2.0,1,2.38,5,2.5,2,2.46
5,Experimental,Ingeniería,2,Engineering/Sciences,Masculino,2003,6,Básica,2,4,4,2,2,4,2,3,2,3,2,3,4,4,3,4,5,5,5,4,3,3,2,2,3,3,1,1,1,1,0,0,0,0,1,1,0,0,1,1,1,1,0,1,0,0,1,1,1,0,0,1,T2,15,3.0,4,2.5,2,4.25,5,2.67,4,3.19
6,Experimental,Ciencias de la Salud,1,Engineering/Sciences,Femenino,2001,8,Básica,3,4,5,5,5,5,2,3,3,2,2,4,4,5,4,3,5,3,5,2,2,2,2,4,2,2,1,1,1,1,0,1,1,1,0,1,0,0,1,1,1,1,1,1,0,0,1,0,0,1,0,0,T2,16,4.5,5,2.67,3,3.88,6,2.33,2,3.38
7,Experimental,Ciencias,1,Engineering/Sciences,No binario,2000,5,Básica,1,1,1,1,2,2,1,1,1,2,1,2,1,1,2,1,2,1,2,2,1,1,2,3,3,2,0,0,0,0,0,0,1,0,1,0,0,0,1,0,0,0,0,0,0,0,0,1,1,0,0,0,T2,5,1.33,0,1.33,2,1.5,1,2.0,2,1.54
8,Experimental,Educación,3,Social Sciences/Education,Masculino,2000,2,Ninguna,3,2,2,2,4,3,2,2,2,1,3,2,2,2,4,1,3,2,3,2,4,5,1,5,3,2,1,1,1,0,0,0,1,1,1,0,0,1,0,1,0,0,1,0,0,0,1,1,0,0,0,0,T2,11,2.67,3,2.0,4,2.38,2,3.33,2,2.58
9,Experimental,Ingeniería,2,Engineering/Sciences,Masculino,2005,4,Básica,5,3,5,5,5,5,3,5,3,3,4,1,5,5,5,5,2,1,4,5,4,4,3,3,2,3,1,1,1,1,1,0,1,0,1,0,1,0,1,0,1,1,1,1,1,0,0,1,1,1,1,0,T2,18,4.67,5,3.17,3,4.0,6,3.17,4,3.77
10,Experimental,Educación,3,Social Sciences/Education,Masculino,2002,6,Ninguna,2,1,1,1,2,2,1,1,1,1,2,1,1,1,2,2,1,1,1,2,2,1,1,2,1,1,0,1,0,0,1,0,1,0,0,0,0,0,1,0,0,0,0,0,0,0,0,0,0,0,0,0,T2,4,1.5,2,1.17,1,1.38,1,1.33,0,1.35
11,Experimental,Educación,3,Social Sciences/Education,Masculino,2002,2,Intermedia,4,3,3,4,5,4,2,2,3,3,4,3,4,5,2,4,4,4,2,4,4,3,3,3,2,5,1,1,1,1,0,0,1,0,1,1,0,0,0,1,1,1,0,0,1,1,1,0,1,0,1,0,T2,15,3.83,4,2.83,3,3.62,5,3.33,3,3.42
12,Experimental,Ciencias Sociales,4,Social Sciences/Education,Femenino,2005,6,Ninguna,2,2,2,3,4,3,3,1,2,3,2,2,4,4,3,3,3,4,4,3,4,4,4,2,4,5,0,1,0,0,0,1,1,0,0,0,0,0,1,1,1,1,1,1,1,0,1,1,1,0,1,0,T2,14,2.67,2,2.17,1,3.5,7,3.83,4,3.08
13,Experimental,Ciencias de la Salud,1,Engineering/Sciences,Femenino,2001,8,Intermedia,2,2,3,3,4,2,2,3,1,1,2,2,3,4,4,2,4,3,4,3,3,3,3,3,2,3,1,1,1,1,1,0,0,0,1,0,0,0,1,1,1,1,0,1,0,0,1,1,0,0,0,0,T2,13,2.67,5,1.83,1,3.38,5,2.83,2,2.73
14,Experimental,Educación,3,Social Sciences/Education,Masculino,1998,6,Básica,3,3,3,3,2,2,2,1,2,2,2,4,5,3,3,3,5,2,5,4,4,4,4,5,2,2,1,0,1,1,0,0,1,0,0,0,0,0,1,1,1,0,1,0,0,1,1,1,1,0,1,0,T2,13,2.67,3,2.17,1,3.75,5,3.5,4,3.08
15,Experimental,Ciencias,1,Engineering/Sciences,Masculino,2002,7,Básica,1,1,3,1,1,3,2,2,1,1,3,1,3,5,2,3,4,4,3,4,2,3,4,5,4,2,0,1,0,0,0,0,0,0,0,0,0,0,1,1,1,0,0,0,0,0,1,1,0,1,0,0,T2,7,1.67,1,1.67,0,3.5,3,3.33,3,2.62
16,Experimental,Ciencias,1,Engineering/Sciences,Femenino,2001,10,Ninguna,2,1,2,2,1,1,1,1,2,1,2,1,1,2,2,1,1,1,1,1,1,2,1,2,1,1,0,0,0,0,0,0,0,0,0,0,0,0,1,0,1,0,0,0,0,0,1,0,0,0,0,0,T2,3,1.5,0,1.33,0,1.25,2,1.33,1,1.35
17,Experimental,Ciencias Sociales,4,Social Sciences/Education,Femenino,2001,10,Básica,5,5,5,5,4,4,5,3,4,3,4,3,4,4,4,4,5,4,4,4,5,5,4,5,4,5,1,1,1,1,1,1,1,1,1,1,1,1,1,1,1,1,1,1,1,0,1,1,1,1,1,1,T2,25,4.67,6,3.67,6,4.12,7,4.67,6,4.27
18,Experimental,Educación,3,Social Sciences/Education,Femenino,2002,3,Básica,4,5,5,5,5,3,4,5,4,3,3,3,5,5,4,5,5,5,4,3,5,5,5,5,4,3,1,1,1,1,1,1,1,1,1,0,1,0,1,1,1,1,1,1,1,1,1,1,1,1,1,1,T2,24,4.5,6,3.67,4,4.5,8,4.5,6,4.31
19,Experimental,Ingeniería,2,Engineering/Sciences,No binario,2005,9,Intermedia,5,4,2,5,3,2,4,3,3,3,1,2,2,1,2,2,2,2,3,2,3,3,1,5,4,1,1,1,0,0,1,0,1,1,1,1,0,1,1,1,0,0,1,0,0,0,1,1,0,0,1,0,T2,14,3.5,3,2.67,5,2.0,3,2.83,3,2.69
20,Experimental,Ciencias Sociales,4,Social Sciences/Education,Femenino,2003,6,Básica,4,4,2,3,3,3,3,1,3,1,2,1,3,5,3,3,4,3,3,3,1,2,2,1,1,1,1,1,1,0,0,0,1,1,0,1,0,0,1,1,1,1,1,0,1,0,0,0,1,0,0,0,T2,13,3.17,3,1.83,3,3.38,6,1.33,1,2.5
21,Experimental,Educación,3,Social Sciences/Education,Masculino,2000,6,Básica,3,1,2,2,1,5,2,1,2,2,1,5,5,5,5,5,5,3,5,5,2,2,2,2,1,2,0,1,0,0,0,0,0,1,0,0,0,0,1,1,1,1,0,1,1,1,1,0,1,0,0,0,T2,11,2.33,1,2.17,1,4.75,7,1.83,2,2.92
22,Experimental,Ingeniería,2,Engineering/Sciences,Femenino,2004,5,Básica,2,2,3,3,2,3,2,2,3,1,2,3,5,4,4,3,3,4,3,2,4,2,3,3,3,3,1,1,0,0,0,0,1,0,1,1,0,0,1,0,1,1,0,1,1,0,1,1,1,1,0,0,T2,14,2.5,2,2.17,3,3.5,5,3.0,4,2.85
23,Experimental,Ingeniería,2,Engineering/Sciences,No binario,2001,4,Ninguna,2,3,4,3,3,3,2,1,2,2,3,2,2,5,4,4,3,3,3,4,3,5,3,3,4,2,0,1,1,0,0,0,0,1,0,0,0,0,1,1,1,1,0,0,0,0,1,1,1,0,1,0,T2,11,3.0,2,2.0,1,3.5,4,3.33,4,3.0
24,Experimental,Ciencias,1,Engineering/Sciences,Masculino,2003,4,Básica,2,1,2,3,2,4,2,3,1,1,1,1,4,4,3,3,2,2,3,1,1,2,1,2,1,1,1,1,0,0,0,1,1,1,0,0,0,0,1,1,1,1,0,1,0,0,0,0,0,0,0,0,T2,10,2.33,3,1.5,2,2.75,5,1.33,0,2.04
25,Experimental,Ingeniería,2,Engineering/Sciences,Femenino,2004,4,Básica,5,5,4,5,5,3,4,3,2,3,3,4,5,5,4,5,3,5,2,5,4,4,4,3,5,3,1,1,1,1,1,1,1,1,0,0,0,0,1,1,1,1,1,1,1,0,1,1,1,1,1,0,T2,20,4.5,6,3.17,2,4.25,7,3.83,5,3.96
26,Experimental,Ciencias de la Salud,1,Engineering/Sciences,Femenino,1999,8,Básica,1,1,3,1,1,1,2,2,1,1,1,2,2,1,1,2,2,1,1,4,2,1,1,2,1,2,0,0,0,0,0,0,1,0,0,0,0,0,1,0,1,1,0,0,0,0,0,0,0,0,0,0,T2,4,1.33,0,1.5,1,1.75,3,1.5,0,1.54
27,Experimental,Ingeniería,2,Engineering/Sciences,Femenino,2002,3,Básica,3,2,4,3,3,4,2,3,3,2,4,3,4,5,4,5,5,4,4,5,4,4,2,1,3,3,1,1,0,1,1,0,1,0,1,1,1,0,1,1,1,1,1,0,1,0,1,1,1,0,0,1,T2,18,3.17,4,2.83,4,4.5,6,2.83,4,3.42
28,Experimental,Educación,3,Social Sciences/Education,Femenino,2000,5,Básica,2,3,1,4,5,2,3,2,2,3,1,1,2,1,1,4,2,1,1,2,3,2,2,1,3,1,1,1,0,0,0,1,0,1,0,0,0,0,0,0,1,0,1,0,0,0,0,1,0,0,0,0,T2,7,2.83,3,2.0,1,1.75,2,2.0,1,2.12
29,Experimental,Ciencias,1,Engineering/Sciences,Femenino,2003,6,Ninguna,2,4,2,4,3,4,2,3,4,3,3,4,4,4,3,4,5,5,4,4,5,3,4,5,4,5,1,1,1,1,0,1,1,1,1,0,0,0,0,1,1,1,1,0,1,1,1,1,1,1,1,0,T2,19,3.17,5,3.17,3,4.12,6,4.33,5,3.73
30,Experimental,Ingeniería,2,Engineering/Sciences,Femenino,1998,6,Intermedia,2,1,1,2,1,1,1,1,1,1,2,1,5,3,5,2,4,5,5,1,5,1,1,2,1,4,1,0,0,0,0,1,1,0,1,0,0,0,1,1,1,0,0,0,0,0,0,0,0,0,0,0,T2,7,1.33,2,1.17,2,3.75,3,2.33,0,2.27
31,Experimental,Educación,3,Social Sciences/Education,Masculino,2001,8,Ninguna,4,4,2,4,5,3,2,1,1,1,1,1,4,5,4,4,5,4,5,5,2,3,1,4,3,3,0,1,1,1,0,1,1,0,0,0,0,0,1,1,1,1,1,0,1,0,1,1,1,0,0,0,T2,14,3.67,4,1.17,1,4.5,6,2.67,3,3.12
32,Experimental,Educación,3,Social Sciences/Education,Femenino,1998,4,Ninguna,3,3,2,4,5,4,5,5,3,5,3,4,4,2,3,4,4,2,5,4,2,5,3,2,5,5,1,1,1,1,0,0,1,1,1,1,0,1,0,1,0,1,1,0,1,1,1,1,0,0,1,1,T2,18,3.5,4,4.17,5,3.5,5,3.67,4,3.69
33,Experimental,Ingeniería,2,Engineering/Sciences,No binario,1999,5,Básica,4,4,4,4,3,4,3,2,4,2,5,3,3,2,3,4,3,4,5,4,4,2,3,5,4,5,1,1,0,1,1,1,1,1,1,1,0,0,1,1,0,1,1,0,1,0,1,1,1,0,0,1,T2,18,3.83,5,3.17,4,3.5,5,3.83,4,3.58
34,Experimental,Ciencias de la Salud,1,Engineering/Sciences,Masculino,2000,2,Básica,2,1,1,3,3,3,3,2,2,2,1,1,2,2,3,3,1,3,2,4,3,1,5,4,3,3,0,0,1,0,0,0,0,1,0,0,0,0,1,0,0,1,0,1,0,0,0,0,1,0,0,0,T2,6,2.17,1,1.83,1,2.5,3,3.17,1,2.42
35,Experimental,Ciencias,1,Engineering/Sciences,Masculino,2004,2,Básica,4,2,3,3,2,4,1,2,2,1,2,2,3,2,4,4,4,4,3,2,2,1,1,2,2,2,1,1,0,0,0,0,1,1,0,0,0,0,1,0,1,1,1,1,1,0,0,0,0,0,0,0,T2,10,3.0,2,1.67,2,3.25,6,1.67,0,2.46
36,Experimental,Ingeniería,2,Engineering/Sciences,Masculino,1999,4,Básica,4,3,4,4,3,3,4,2,1,2,4,1,1,3,1,3,2,2,3,3,3,3,3,2,3,4,1,1,1,1,0,0,1,0,0,0,1,0,1,1,1,1,0,0,0,0,0,1,0,0,0,1,T2,12,3.5,4,2.33,2,2.25,4,3.0,2,2.73
37,Experimental,Ciencias Sociales,4,Social Sciences/Education,Femenino,2000,4,Básica,4,3,3,4,2,4,2,2,3,2,3,3,2,2,5,1,2,3,4,4,1,1,3,2,1,3,0,1,1,0,0,1,0,0,1,0,0,1,0,0,1,1,1,0,0,0,0,1,1,1,0,0,T2,11,3.33,3,2.5,2,2.88,3,1.83,3,2.65
38,Experimental,Ingeniería,2,Engineering/Sciences,Masculino,1998,10,Avanzada,4,2,3,4,4,2,2,2,3,2,2,5,3,3,5,5,3,4,4,5,3,5,5,4,4,4,1,1,1,1,0,1,1,0,0,0,0,0,1,1,1,1,1,1,1,1,1,1,1,1,0,1,T2,19,3.17,5,2.67,1,4.0,8,4.17,5,3.54
39,Experimental,Ciencias,1,Engineering/Sciences,Masculino,2005,7,Básica,1,1,2,2,1,2,2,1,2,3,2,4,2,3,4,4,4,3,3,4,1,2,1,2,3,1,0,0,0,0,0,0,1,0,0,1,0,0,1,1,1,1,1,1,0,1,0,1,0,0,0,0,T2,10,1.5,0,2.33,2,3.38,7,1.67,1,2.31
40,Experimental,Ciencias,1,Engineering/Sciences,Masculino,2003,5,Básica,4,5,4,5,5,4,3,4,4,2,3,3,3,3,3,4,3,1,4,4,3,2,5,4,5,4,1,1,1,1,0,1,1,1,0,0,0,0,1,1,1,1,1,0,0,0,1,1,1,1,0,0,T2,16,4.5,5,3.17,2,3.12,5,3.83,4,3.62
41,Experimental,Educación,3,Social Sciences/Education,Masculino,2004,5,Avanzada,2,4,2,3,4,2,2,4,3,2,2,3,5,5,3,3,3,4,3,5,2,4,2,1,4,2,1,1,1,1,1,1,1,1,1,1,0,0,1,1,0,1,0,1,0,1,1,0,0,0,1,1,T2,18,2.83,6,2.67,4,3.88,5,2.5,3,3.04
42,Experimental,Arte y Humanidades,4,Social Sciences/Education,Masculino,2001,3,Ninguna,4,5,4,4,5,5,4,2,2,4,3,5,5,4,4,4,5,5,5,5,5,3,5,5,3,4,1,1,1,1,1,1,1,1,1,1,0,0,1,1,1,1,1,1,0,0,1,1,1,1,0,1,T2,21,4.5,6,3.33,4,4.62,6,4.17,5,4.19
43,Experimental,Ciencias Sociales,4,Social Sciences/Education,No binario,2004,4,Básica,2,3,2,3,4,3,1,1,1,1,1,1,2,1,3,3,1,2,3,2,2,2,1,1,2,2,1,1,1,1,1,0,0,0,0,0,0,0,0,1,0,0,0,0,0,1,1,0,0,0,0,0,T2,8,2.83,5,1.0,0,2.12,2,1.67,1,1.92
44,Experimental,Ciencias,1,Engineering/Sciences,Masculino,2004,6,Básica,2,2,2,2,3,1,3,2,2,4,2,2,3,4,4,5,5,5,2,3,4,3,5,5,3,3,0,0,0,0,0,0,1,0,0,0,1,0,1,1,1,1,1,0,0,0,1,1,1,1,1,0,T2,12,2.0,0,2.5,2,3.88,5,3.83,5,3.12
45,Experimental,Ciencias de la Salud,2,Engineering/Sciences,Femenino,1998,10,Básica,3,4,3,4,4,3,3,3,4,4,4,3,3,3,4,4,3,3,5,2,5,5,4,4,5,3,1,1,1,1,0,1,1,0,0,0,1,0,1,1,1,1,0,0,1,0,1,1,1,1,1,1,T2,18,3.5,5,3.5,2,3.38,5,4.33,6,3.65
46,Experimental,Ciencias de la Salud,2,Engineering/Sciences,Femenino,2005,4,Básica,3,3,4,4,3,4,1,1,3,1,1,1,1,2,2,2,2,2,4,1,1,2,3,2,2,1,1,1,1,1,0,1,0,0,0,0,0,0,1,1,0,0,0,0,0,0,0,0,0,0,0,0,T2,7,3.5,5,1.33,0,2.0,2,1.83,0,2.15
47,Experimental,Ciencias,1,Engineering/Sciences,Femenino,2003,3,Básica,3,1,2,5,3,3,3,2,2,2,1,3,3,4,5,3,4,3,5,3,3,4,4,3,3,4,0,1,1,1,1,0,0,1,0,0,0,0,1,1,1,1,1,0,1,0,1,0,1,0,1,0,T2,14,2.83,4,2.17,1,3.75,6,3.5,3,3.12
48,Experimental,Ciencias,1,Engineering/Sciences,Femenino,2002,6,Intermedia,3,1,3,1,2,2,1,1,1,1,2,1,3,3,3,1,1,2,2,2,3,5,1,3,3,2,1,0,1,1,0,0,1,0,0,0,0,0,0,1,1,1,0,0,0,0,1,1,1,0,0,0,T2,10,2.0,3,1.17,1,2.12,3,2.83,3,2.04
49,Experimental,Ingeniería,2,Engineering/Sciences,Masculino,2005,7,Básica,4,4,3,1,3,4,1,2,1,1,1,1,3,3,3,4,3,3,5,4,4,2,2,3,4,2,0,0,0,1,1,0,0,0,0,0,0,0,1,1,1,1,0,1,1,0,1,1,1,0,0,0,T2,11,3.17,2,1.17,0,3.5,6,2.83,3,2.73
50,Experimental,Educación,3,Social Sciences/Education,Femenino,2004,9,Ninguna,3,1,2,2,2,1,2,1,1,1,1,2,3,3,2,2,2,2,5,4,4,2,1,2,3,2,0,1,0,0,0,0,0,0,1,0,1,0,1,0,1,1,0,1,1,1,0,0,0,0,0,0,T2,9,1.83,1,1.33,2,2.88,6,2.33,0,2.15
51,Experimental,Arte y Humanidades,4,Social Sciences/Education,Femenino,1999,6,Ninguna,3,1,5,2,3,3,3,3,1,3,2,1,2,5,5,5,1,5,2,4,5,2,5,3,3,5,0,1,1,1,0,0,0,0,1,0,0,0,1,1,1,1,1,1,0,0,1,1,1,1,1,1,T2,16,2.83,3,2.17,1,3.62,6,3.83,6,3.15
52,Experimental,Ciencias,1,Engineering/Sciences,Femenino,2001,8,Avanzada,2,3,2,1,1,1,1,2,1,1,1,1,2,4,4,1,2,2,3,3,3,3,4,3,4,1,0,1,0,0,1,0,1,0,0,0,0,0,0,1,1,0,1,1,0,0,1,1,1,1,0,0,T2,11,1.67,2,1.17,1,2.62,4,3.0,4,2.15
53,Experimental,Educación,3,Social Sciences/Education,Femenino,2000,2,Básica,4,4,5,3,3,4,5,4,4,5,5,4,5,5,4,5,5,4,4,4,5,5,5,5,5,5,1,1,1,1,0,1,1,1,1,1,1,1,1,1,1,1,1,0,1,1,1,1,1,1,1,1,T2,24,3.83,5,4.5,6,4.5,7,5.0,6,4.46
54,Experimental,Arte y Humanidades,4,Social Sciences/Education,Masculino,2000,4,Básica,5,5,2,5,3,5,2,2,2,2,2,2,5,2,3,1,2,5,1,4,4,3,5,2,5,3,1,1,0,1,1,1,0,0,0,0,0,0,1,1,0,1,1,0,0,0,1,1,1,0,0,1,T2,13,4.17,5,2.0,0,2.88,4,3.67,4,3.15
55,Experimental,Arte y Humanidades,4,Social Sciences/Education,Femenino,2003,5,Básica,3,3,2,3,3,1,1,2,2,1,1,2,1,2,3,3,3,1,1,3,2,1,1,2,2,1,1,1,1,0,0,0,0,0,1,0,0,0,1,1,0,0,0,0,1,0,0,1,0,0,0,0,T2,8,2.5,3,1.5,1,2.12,3,1.5,1,1.92
56,Experimental,Ciencias,1,Engineering/Sciences,Masculino,2005,4,Básica,5,4,3,5,5,5,2,3,2,2,2,2,5,4,4,5,4,4,5,4,1,3,3,2,2,3,0,1,1,1,0,0,1,0,0,0,0,0,1,1,1,1,1,0,0,1,1,1,0,1,0,0,T2,13,4.5,3,2.17,1,4.38,6,2.33,3,3.42
57,Experimental,Ciencias Sociales,4,Social Sciences/Education,Femenino,2004,8,Básica,4,3,1,3,3,3,3,2,2,4,2,3,4,4,4,3,4,4,3,2,2,2,4,2,3,2,1,1,1,1,0,1,1,0,0,0,1,0,1,1,0,1,1,1,0,0,1,0,1,0,0,0,T2,14,2.83,5,2.67,2,3.5,5,2.5,2,2.92
58,Experimental,Ingeniería,2,Engineering/Sciences,Femenino,1998,2,Ninguna,4,4,3,3,3,5,4,4,2,3,2,3,4,4,3,4,4,5,3,5,4,5,5,2,3,3,1,1,1,1,1,0,1,1,0,1,0,0,0,1,1,1,1,1,1,0,1,1,1,0,1,1,T2,19,3.67,5,3.0,3,4.0,6,3.67,5,3.62
59,Experimental,Ingeniería,2,Engineering/Sciences,Femenino,2000,7,Básica,4,3,3,5,3,2,1,1,2,2,1,2,5,5,4,4,4,5,5,5,4,4,3,5,3,5,1,1,1,1,0,1,0,1,0,0,0,0,1,1,1,1,1,0,1,1,0,1,1,1,1,1,T2,18,3.33,5,1.5,1,4.62,7,4.0,5,3.46
60,Experimental,Educación,3,Social Sciences/Education,Femenino,1999,9,Intermedia,1,1,1,2,1,2,2,1,1,1,2,1,4,2,2,2,3,3,2,2,1,4,1,3,3,1,0,0,0,0,0,0,0,0,0,0,0,0,0,1,0,1,0,0,0,0,1,1,0,0,0,0,T2,4,1.33,0,1.33,0,2.5,2,2.17,2,1.88
61,Experimental,Educación,3,Social Sciences/Education,Masculino,2004,4,Básica,1,2,1,4,2,1,1,2,4,2,1,1,5,3,4,4,5,4,3,2,2,3,2,4,4,2,0,0,1,1,0,0,0,0,0,0,0,0,1,1,1,0,1,1,1,0,1,1,0,0,0,0,T2,10,1.83,2,1.83,0,3.75,6,2.83,2,2.65
62,Experimental,Ciencias,1,Engineering/Sciences,Femenino,2000,4,Básica,1,1,3,2,2,1,1,1,1,2,1,1,3,2,3,4,3,2,3,3,2,1,3,2,1,2,1,1,0,0,1,0,0,0,0,0,0,0,1,1,0,1,1,0,0,0,0,1,0,0,0,1,T2,9,1.67,3,1.17,0,2.88,4,1.83,2,1.96
63,Experimental,Ingeniería,2,Engineering/Sciences,Femenino,2000,6,Básica,5,5,5,5,3,5,4,3,2,3,4,4,3,5,4,3,4,1,2,5,4,3,5,5,3,5,1,1,1,0,1,1,1,0,0,1,1,0,1,1,1,1,0,1,1,1,1,1,1,1,0,1,T2,20,4.67,5,3.33,3,3.38,7,4.17,5,3.85
64,Experimental,Ciencias,1,Engineering/Sciences,Masculino,2004,7,Básica,5,5,4,4,3,5,4,4,3,5,5,3,3,2,2,3,2,5,3,3,3,3,4,4,3,3,1,1,0,1,0,1,1,1,1,1,1,1,0,1,1,0,0,0,0,0,1,1,0,0,0,0,T2,14,4.33,4,4.0,6,2.88,2,3.33,2,3.58
65,Experimental,Ciencias de la Salud,2,Engineering/Sciences,Femenino,2004,7,Básica,2,4,4,5,5,4,5,4,5,4,5,3,4,3,3,5,3,5,2,5,5,1,5,3,2,2,1,1,1,0,1,1,1,1,1,1,0,1,1,1,1,1,1,0,0,1,1,1,1,1,0,1,T2,21,4.0,5,4.33,5,3.75,6,3.0,5,3.77
66,Experimental,Ciencias Sociales,4,Social Sciences/Education,Femenino,2000,6,Básica,1,1,2,1,1,1,2,1,1,2,1,2,1,2,1,1,1,1,1,1,1,1,2,2,1,1,0,0,1,0,0,0,0,0,0,0,0,0,0,0,0,0,0,0,0,0,1,0,0,0,0,0,T2,2,1.17,1,1.5,0,1.12,0,1.33,1,1.27
67,Experimental,Arte y Humanidades,4,Social Sciences/Education,Femenino,2001,3,Avanzada,5,4,3,4,5,5,2,3,3,2,3,3,5,4,5,5,5,5,4,5,2,2,3,3,3,1,1,1,1,1,1,0,1,1,0,0,0,1,1,1,1,1,1,1,1,0,1,0,0,0,0,0,T2,16,4.33,5,2.67,3,4.75,7,2.33,1,3.62
68,Experimental,Ciencias,1,Engineering/Sciences,Femenino,2002,4,Ninguna,3,2,2,2,3,3,1,2,2,2,3,2,5,4,5,3,5,5,5,2,2,2,4,3,2,1,1,1,1,0,0,0,0,0,0,0,0,0,0,1,1,1,1,1,1,0,1,0,0,0,0,0,T2,10,2.5,3,2.0,0,4.25,6,2.33,1,2.88
69,Experimental,Educación,3,Social Sciences/Education,Masculino,2004,2,Básica,3,5,4,3,5,3,4,3,2,3,3,2,4,2,4,3,4,4,4,3,2,2,4,4,5,3,1,1,1,1,1,0,1,1,0,1,1,0,0,1,0,1,0,0,1,0,1,1,0,0,0,0,T2,14,3.83,5,2.83,4,3.5,3,3.33,2,3.38
70,Experimental,Ciencias de la Salud,2,Engineering/Sciences,Femenino,2002,5,Básica,3,3,2,3,3,3,3,3,3,2,2,2,5,3,4,3,4,4,3,4,2,3,2,3,2,2,0,1,0,0,1,0,0,1,0,0,0,0,1,1,1,1,1,0,1,1,1,0,0,0,0,0,T2,11,2.83,2,2.5,1,3.75,7,2.33,1,2.92
71,Experimental,Ciencias Sociales,4,Social Sciences/Education,Masculino,2001,3,Avanzada,2,3,3,4,4,3,2,3,1,4,3,3,5,5,4,4,5,5,5,4,3,4,3,3,4,3,0,1,0,1,0,1,1,0,0,0,0,0,1,1,1,1,1,1,0,0,1,1,1,0,0,1,T2,14,3.17,3,2.67,1,4.62,6,3.33,4,3.54
72,Experimental,Ciencias,1,Engineering/Sciences,No binario,2002,5,Intermedia,5,4,5,5,5,5,1,2,2,1,2,3,3,5,4,3,3,4,2,5,4,2,3,4,3,2,1,1,1,1,1,0,0,0,0,1,0,0,1,1,1,1,1,1,1,0,1,1,1,0,1,0,T2,17,4.83,5,1.83,1,3.62,7,3.0,4,3.35
73,Experimental,Educación,3,Social Sciences/Education,Masculino,2003,3,Básica,4,3,5,4,3,3,3,2,2,3,3,3,5,4,5,4,4,4,5,3,4,2,4,4,5,5,1,1,1,0,0,1,1,0,1,0,0,0,1,0,1,0,1,1,1,0,1,1,1,1,0,0,T2,15,3.67,4,2.67,2,4.25,5,4.0,4,3.69
74,Experimental,Ingeniería,2,Engineering/Sciences,Femenino,2002,10,Ninguna,3,3,2,3,3,1,2,4,2,2,2,3,4,2,1,3,3,3,5,2,2,1,2,1,2,4,1,0,1,0,0,0,1,1,1,0,0,1,1,1,0,1,0,1,0,0,0,0,1,1,0,0,T2,12,2.5,2,2.5,4,2.88,4,2.0,2,2.5
75,Experimental,Ciencias de la Salud,2,Engineering/Sciences,Femenino,2003,6,Básica,4,2,4,5,5,5,3,3,3,4,2,5,4,3,4,3,4,5,4,4,3,3,2,3,4,4,1,1,1,0,1,0,1,1,1,0,0,0,1,1,0,1,1,0,0,1,1,1,1,1,0,1,T2,17,4.17,4,3.33,3,3.88,5,3.17,5,3.65
76,Control,Ingeniería,5,Engineering/Sciences,Femenino,1998,3,Intermedia,1,1,2,3,2,3,3,1,2,1,2,2,3,2,3,1,3,3,2,2,2,2,2,2,2,2,0,0,0,1,0,0,1,0,0,0,0,0,1,0,1,1,0,0,0,0,1,0,1,0,0,0,T2,7,2.0,1,1.83,1,2.38,3,2.0,2,2.08
77,Control,Educación,7,Social Sciences/Education,Femenino,2004,5,Básica,5,4,5,1,4,4,3,5,5,2,4,2,4,3,3,3,5,1,5,3,4,5,3,3,3,3,1,1,1,1,0,0,1,1,1,1,0,1,1,0,1,0,1,1,0,0,1,1,1,0,1,1,T2,18,3.83,4,3.5,5,3.38,4,3.5,5,3.54
78,Control,Educación,7,Social Sciences/Education,No binario,2005,4,Intermedia,3,4,2,2,4,4,1,2,3,2,2,2,2,3,4,1,4,2,3,3,4,3,4,2,3,3,1,1,0,1,0,0,1,0,0,1,0,0,1,0,1,0,0,0,0,0,1,1,1,0,0,0,T2,10,3.17,3,2.0,2,2.75,2,3.17,3,2.77
79,Control,Ciencias,6,Engineering/Sciences,Masculino,2003,2,Intermedia,2,4,5,5,3,2,1,1,2,4,2,2,5,4,5,5,5,5,5,5,3,2,4,1,4,4,1,1,1,1,0,0,0,0,0,0,0,0,1,1,1,1,1,0,1,1,0,1,1,0,0,0,T2,13,3.5,4,2.0,0,4.88,7,3.0,2,3.46
80,Control,Arte y Humanidades,8,Social Sciences/Education,Femenino,2005,5,Básica,4,3,5,3,4,4,2,1,3,4,1,3,5,5,5,3,4,2,3,3,4,1,4,3,2,2,1,1,1,1,0,1,1,0,0,1,0,0,1,1,0,1,0,0,1,1,1,1,1,0,0,0,T2,15,3.83,5,2.33,2,3.75,5,2.67,3,3.19
81,Control,Educación,7,Social Sciences/Education,Femenino,2005,5,Avanzada,2,3,3,3,2,1,2,1,2,3,2,3,3,3,1,3,4,3,3,2,3,4,4,2,5,4,0,0,1,0,0,0,0,0,0,0,1,0,1,0,1,0,0,1,0,0,1,1,1,0,1,1,T2,10,2.33,1,2.17,1,2.75,3,3.67,5,2.73
82,Control,Arte y Humanidades,8,Social Sciences/Education,Masculino,2004,8,Intermedia,2,3,2,3,2,2,1,1,1,1,1,1,3,3,4,5,3,4,4,3,2,3,2,3,2,4,1,0,0,0,0,0,0,0,0,1,0,0,1,1,0,1,0,0,0,1,1,1,0,0,0,0,T2,8,2.33,1,1.0,1,3.62,4,2.67,2,2.5
83,Control,Ciencias de la Salud,6,Engineering/Sciences,Femenino,1999,7,Básica,3,3,5,2,4,3,3,3,2,4,1,2,2,4,3,3,3,4,4,4,1,1,2,3,1,4,1,1,1,0,0,0,0,0,0,0,0,0,1,1,0,1,1,0,0,0,1,0,0,1,0,0,T2,9,3.33,3,2.5,0,3.38,4,2.0,2,2.85
84,Control,Educación,7,Social Sciences/Education,Masculino,2001,5,Básica,3,3,2,2,3,2,3,2,2,2,1,2,4,4,4,3,4,4,5,5,4,2,3,2,3,2,0,1,0,0,0,0,1,1,0,0,0,0,1,1,0,0,1,0,0,0,0,1,0,0,0,0,T2,7,2.5,1,2.0,2,4.12,3,2.67,1,2.92
85,Control,Ingeniería,5,Engineering/Sciences,Masculino,2005,6,Ninguna,2,2,2,1,2,2,1,1,1,1,1,2,3,2,3,2,3,3,2,1,2,1,4,1,1,1,1,1,0,0,0,0,1,0,0,0,0,0,1,1,0,0,1,0,0,0,0,0,0,0,0,0,T2,6,1.83,2,1.17,1,2.38,3,1.67,0,1.81
86,Control,Ingeniería,5,Engineering/Sciences,Femenino,1999,6,Ninguna,2,1,1,1,2,2,1,1,2,1,1,2,2,4,2,2,5,3,2,3,2,2,4,2,1,1,1,1,0,0,0,0,0,0,0,0,0,0,0,0,1,1,1,0,0,0,1,1,0,0,0,0,T2,7,1.5,2,1.33,0,2.88,3,2.0,2,2.0
87,Control,Ciencias de la Salud,6,Engineering/Sciences,Masculino,2004,6,Básica,5,4,2,2,2,1,5,2,2,1,4,4,3,5,5,2,1,5,5,4,3,5,2,4,5,3,1,1,1,1,0,0,1,1,0,0,0,0,1,1,1,1,1,0,0,0,1,1,1,0,1,0,T2,15,2.67,4,3.0,2,3.75,5,3.67,4,3.31
88,Control,Educación,7,Social Sciences/Education,Femenino,2005,5,Intermedia,3,2,3,3,2,3,1,3,4,1,1,2,3,4,4,3,2,3,3,5,2,2,2,2,2,1,0,1,1,1,0,0,0,1,0,0,0,0,0,1,0,0,0,0,0,1,1,1,0,0,0,0,T2,8,2.67,3,2.0,1,3.38,2,1.83,2,2.54
89,Control,Ingeniería,5,Engineering/Sciences,Femenino,2004,7,Avanzada,4,3,3,4,2,4,1,2,1,1,4,3,5,4,3,4,1,4,2,4,2,1,2,2,2,1,1,0,1,1,1,0,1,0,0,0,0,0,1,1,1,0,0,1,0,0,1,0,0,0,0,0,T2,10,3.33,4,2.0,1,3.38,4,1.67,1,2.65
90,Control,Ciencias,6,Engineering/Sciences,Masculino,1998,3,Intermedia,3,4,3,5,5,4,4,3,3,2,2,2,4,5,4,4,5,5,4,3,3,3,4,2,3,3,1,1,1,1,0,0,0,0,1,0,0,0,1,1,1,1,0,1,1,1,1,0,0,0,1,0,T2,14,4.0,4,2.67,1,4.25,7,3.0,2,3.54
91,Control,Ciencias,6,Engineering/Sciences,Masculino,2002,6,Básica,3,5,3,5,2,4,3,4,3,5,3,4,3,5,1,2,1,4,2,3,5,4,4,2,5,2,0,1,1,0,1,0,1,0,1,0,0,0,1,0,0,1,0,1,0,0,0,0,0,0,0,0,T2,8,3.67,3,3.67,2,2.62,3,3.67,0,3.35
92,Control,Arte y Humanidades,8,Social Sciences/Education,Femenino,2004,3,Intermedia,2,4,4,3,4,2,2,1,2,2,1,1,3,4,3,3,4,3,1,5,2,2,3,3,4,1,1,0,0,0,1,0,0,0,0,0,0,0,1,1,0,1,0,1,1,1,1,0,1,0,0,0,T2,10,3.17,2,1.5,0,3.25,6,2.5,2,2.65
93,Control,Ciencias de la Salud,6,Engineering/Sciences,Femenino,2002,4,Básica,1,3,4,4,2,1,1,2,2,1,1,2,3,2,3,3,3,3,3,2,1,2,2,2,1,2,0,1,0,0,0,0,1,0,0,0,0,0,1,1,1,1,0,0,0,0,0,1,1,0,0,0,T2,8,2.5,1,1.5,1,2.75,4,1.67,2,2.15
94,Control,Ingeniería,5,Engineering/Sciences,Femenino,2002,10,Intermedia,5,4,2,4,2,5,3,3,4,4,4,3,5,5,5,4,4,5,5,5,3,5,3,3,3,2,1,1,1,1,0,0,1,0,1,1,1,1,1,1,1,1,1,1,1,1,1,1,0,0,0,0,T2,19,3.67,4,3.5,5,4.75,8,3.17,2,3.85
95,Control,Ingeniería,5,Engineering/Sciences,Femenino,2000,5,Intermedia,3,4,4,4,4,4,2,1,4,2,3,3,5,5,4,3,4,5,4,4,4,2,2,1,3,2,1,1,0,1,1,0,1,1,1,0,0,0,1,1,1,1,1,1,1,0,1,0,1,0,0,0,T2,16,3.83,4,2.5,3,4.25,7,2.33,2,3.31
96,Control,Educación,7,Social Sciences/Education,Masculino,2001,7,Básica,2,3,2,4,2,3,2,2,3,2,3,4,1,2,2,2,2,2,2,1,3,3,2,2,3,3,0,1,1,0,0,0,0,1,0,0,0,0,1,1,0,0,0,0,0,0,0,1,1,1,0,0,T2,8,2.67,2,2.67,1,1.75,2,2.67,3,2.38
97,Control,Ciencias Sociales,8,Social Sciences/Education,Masculino,2005,7,Intermedia,2,1,1,1,1,1,2,1,2,3,2,3,4,3,4,5,2,2,4,1,3,2,2,3,4,2,0,0,0,0,0,0,0,0,0,0,0,0,1,1,1,1,0,1,0,1,1,1,1,1,0,0,T2,10,1.17,0,2.17,0,3.12,6,2.67,4,2.35
98,Control,Ciencias Sociales,8,Social Sciences/Education,Femenino,2005,7,Avanzada,4,3,3,4,3,5,2,2,3,1,2,1,2,4,3,2,3,4,1,1,3,2,2,2,5,1,1,1,1,1,1,1,0,1,0,0,0,0,1,0,1,1,0,0,0,0,0,0,0,0,0,0,T2,10,3.67,6,1.83,1,2.5,3,2.5,0,2.62
99,Control,Arte y Humanidades,8,Social Sciences/Education,Masculino,2005,5,Intermedia,3,2,2,2,1,2,2,1,1,1,3,2,3,4,5,4,5,4,4,4,4,1,3,3,4,4,1,0,0,0,0,0,1,0,0,0,0,0,1,1,1,1,1,1,0,1,1,0,0,0,0,1,T2,11,2.0,1,1.67,1,4.12,7,3.17,2,2.85
100,Control,Arte y Humanidades,8,Social Sciences/Education,Masculino,2002,8,Ninguna,1,1,1,1,2,1,4,3,1,1,1,1,3,3,2,2,3,1,3,3,4,4,3,2,2,3,0,1,0,0,0,1,0,0,0,0,0,1,1,1,1,0,0,0,1,0,1,1,1,1,0,0,T2,11,1.17,2,1.83,1,2.5,4,3.0,4,2.15
101,Control,Educación,7,Social Sciences/Education,Femenino,1999,2,Ninguna,1,1,2,1,1,1,1,2,1,1,1,2,1,2,1,3,1,2,5,4,2,1,2,1,2,1,1,0,0,0,0,0,0,0,0,0,0,0,1,0,0,1,0,0,0,0,0,0,0,0,0,0,T2,3,1.17,1,1.33,0,2.38,2,1.5,0,1.65
102,Control,Ciencias de la Salud,6,Engineering/Sciences,Masculino,2000,4,Intermedia,3,2,3,2,2,3,2,3,2,1,2,3,2,2,3,1,3,3,3,3,2,1,2,2,2,2,0,1,1,1,0,0,1,0,0,0,0,1,1,1,1,0,0,0,0,1,1,0,0,1,0,0,T2,11,2.5,3,2.17,2,2.5,4,1.83,2,2.27
103,Control,Ciencias,6,Engineering/Sciences,Femenino,1999,2,Intermedia,3,2,4,3,3,5,3,3,2,3,1,2,4,5,3,3,4,4,4,4,2,3,2,3,4,3,1,1,1,0,1,0,1,1,1,0,0,0,1,1,1,1,0,0,1,0,1,0,0,0,1,0,T2,14,3.33,4,2.33,3,3.88,5,2.83,2,3.15
104,Control,Ciencias de la Salud,6,Engineering/Sciences,Masculino,1999,5,Avanzada,1,1,1,1,1,2,1,1,3,1,1,1,1,2,2,2,2,2,1,1,1,1,1,2,1,1,0,0,0,1,0,0,1,0,0,0,0,0,0,0,0,0,0,0,0,0,0,1,0,0,0,0,T2,3,1.17,1,1.33,1,1.62,0,1.17,1,1.35
105,Control,Ingeniería,5,Engineering/Sciences,Masculino,1998,3,Ninguna,4,5,4,4,3,3,4,4,3,3,5,3,4,5,4,5,5,3,5,4,4,4,4,3,5,4,1,1,1,1,0,1,1,1,1,1,1,1,1,1,1,0,1,1,1,1,1,1,1,0,0,1,T2,22,3.83,5,3.67,6,4.38,7,4.0,4,4.0
106,Control,Ciencias,6,Engineering/Sciences,Masculino,1999,5,Básica,3,4,5,4,4,4,4,4,3,5,3,3,4,3,4,4,5,3,4,5,5,5,3,2,4,3,1,0,0,1,1,0,1,1,1,1,1,1,1,1,1,1,1,0,0,0,1,1,0,1,1,0,T2,18,4.0,3,3.67,6,4.0,5,3.67,4,3.85
107,Control,Ciencias,6,Engineering/Sciences,Masculino,2003,7,Básica,4,4,2,2,3,4,3,2,3,2,4,3,2,3,3,3,1,3,2,3,5,1,4,3,2,5,1,0,1,0,0,0,0,1,1,1,0,0,0,1,1,0,1,1,0,0,1,0,1,0,0,0,T2,11,3.17,2,2.83,3,2.5,4,3.33,2,2.92
108,Control,Ingeniería,5,Engineering/Sciences,Masculino,2004,2,Básica,3,5,3,3,4,3,1,1,1,1,2,1,2,2,2,1,3,1,2,1,2,1,1,1,1,2,0,1,1,1,0,0,0,1,0,0,0,0,0,0,0,0,0,0,0,0,1,0,0,0,1,0,T2,6,3.5,3,1.17,1,1.75,0,1.33,2,1.92
109,Control,Ingeniería,5,Engineering/Sciences,Femenino,2002,2,Ninguna,3,4,3,3,2,2,1,3,3,1,3,2,5,5,4,4,5,3,3,4,2,3,3,5,2,4,1,1,1,0,1,0,0,0,0,0,0,0,1,0,1,1,1,1,0,1,1,0,1,0,0,0,T2,12,2.83,4,2.17,0,4.12,6,3.17,2,3.15
110,Control,Ciencias Sociales,8,Social Sciences/Education,Femenino,2003,8,Ninguna,5,5,5,5,2,1,2,1,1,1,2,1,2,1,2,2,1,1,2,2,1,1,1,1,1,1,1,1,1,1,0,0,0,0,0,0,0,0,0,0,0,0,0,0,0,0,1,1,0,0,1,0,T2,7,3.83,4,1.33,0,1.62,0,1.0,3,1.92
111,Control,Ciencias de la Salud,6,Engineering/Sciences,Masculino,2003,6,Intermedia,3,3,4,2,2,2,1,2,2,1,3,1,1,1,3,2,2,1,1,1,1,1,3,1,2,1,1,1,0,0,0,0,1,0,0,0,0,0,0,0,0,1,0,0,0,0,0,0,0,0,0,0,T2,4,2.67,2,1.67,1,1.5,1,1.5,0,1.81
112,Control,Ciencias,6,Engineering/Sciences,Masculino,2000,3,Básica,2,2,2,2,3,2,3,1,2,2,2,2,2,4,4,1,3,2,3,2,3,3,3,1,3,2,1,0,0,0,0,0,1,0,0,0,0,0,1,0,0,1,0,1,0,0,0,1,0,0,0,0,T2,6,2.17,1,2.0,1,2.62,3,2.5,1,2.35
113,Control,Ciencias de la Salud,6,Engineering/Sciences,Masculino,2003,3,Ninguna,2,3,2,2,2,3,1,1,1,2,1,1,4,2,2,4,3,1,3,4,1,2,3,2,3,2,1,0,0,0,0,0,0,1,0,0,0,0,1,0,0,1,0,0,0,1,0,0,0,0,0,0,T2,5,2.33,1,1.17,1,2.88,3,2.17,0,2.19
114,Control,Educación,7,Social Sciences/Education,Masculino,2001,6,Ninguna,1,2,2,3,1,2,1,2,3,1,3,1,2,2,2,3,1,3,1,2,3,1,1,3,1,2,0,1,0,0,0,0,0,0,0,0,0,0,0,0,1,0,0,0,0,0,1,0,0,0,0,0,T2,3,1.83,1,1.83,0,2.0,1,1.83,1,1.88
115,Control,Ingeniería,5,Engineering/Sciences,Femenino,2004,3,Intermedia,3,1,4,2,3,1,1,1,2,2,1,2,2,2,3,2,4,3,5,3,2,1,1,2,1,1,1,0,0,0,0,0,1,0,0,0,0,0,1,0,0,1,0,0,0,1,0,0,0,0,1,0,T2,6,2.33,1,1.5,1,3.0,3,1.33,1,2.12
116,Control,Ingeniería,5,Engineering/Sciences,Masculino,1998,10,Básica,4,5,5,4,5,4,2,2,3,4,2,2,3,3,4,4,3,3,4,4,2,2,3,4,2,2,1,1,0,0,0,1,0,0,0,0,0,0,0,1,0,1,0,0,1,0,1,1,0,0,0,1,T2,9,4.5,3,2.5,0,3.5,3,2.5,3,3.27
117,Control,Educación,7,Social Sciences/Education,Masculino,2003,7,Básica,3,2,2,4,3,3,2,3,2,1,3,2,4,3,5,3,4,4,4,2,4,3,3,4,4,4,0,1,1,0,0,0,1,0,1,0,0,1,1,1,1,1,0,0,0,1,1,1,0,1,0,1,T2,14,2.83,2,2.17,3,3.62,5,3.67,4,3.12
118,Control,Ciencias Sociales,8,Social Sciences/Education,Femenino,1998,7,Ninguna,1,2,3,2,3,1,1,1,1,1,1,1,1,3,4,2,2,3,2,2,1,1,3,1,1,2,0,1,0,0,0,0,0,1,0,0,0,0,1,1,0,0,0,0,0,0,0,0,0,0,0,0,T2,4,2.0,1,1.0,1,2.38,2,1.5,0,1.77
119,Control,Educación,7,Social Sciences/Education,Femenino,1999,6,Básica,1,5,2,2,3,2,4,3,3,4,3,3,4,5,4,5,4,5,4,4,4,3,5,3,3,4,1,1,0,1,0,0,1,1,0,1,0,0,1,1,1,1,1,1,0,1,1,1,0,0,0,1,T2,16,2.5,3,3.33,3,4.38,7,3.67,3,3.54
120,Control,Ciencias Sociales,8,Social Sciences/Education,Femenino,2000,3,Básica,5,3,4,3,5,4,2,3,3,1,4,3,5,5,5,5,3,5,4,5,4,4,3,3,5,3,1,1,1,1,0,0,1,0,0,0,0,0,1,1,0,1,1,0,0,0,1,1,1,0,0,0,T2,12,4.0,4,2.67,1,4.62,4,3.67,3,3.81
121,Control,Arte y Humanidades,8,Social Sciences/Education,Masculino,2005,3,Básica,2,1,2,2,3,2,1,1,1,1,1,1,1,1,3,3,1,3,1,2,1,1,1,2,2,1,0,0,0,1,0,0,0,0,0,0,0,0,0,0,1,0,0,0,0,0,0,0,0,0,0,0,T2,2,2.0,1,1.0,0,1.88,1,1.33,0,1.58
122,Control,Educación,7,Social Sciences/Education,Femenino,2003,6,Básica,2,1,1,1,2,2,2,1,2,2,1,1,3,2,1,2,2,1,2,2,1,1,1,1,3,1,0,1,0,0,0,0,0,0,1,0,0,0,0,0,0,0,0,0,0,0,0,0,0,0,0,0,T2,2,1.5,1,1.5,1,1.88,0,1.33,0,1.58
123,Control,Ciencias,6,Engineering/Sciences,Masculino,1999,4,Ninguna,5,3,4,5,4,3,4,3,4,1,4,3,3,3,3,2,4,4,3,3,5,4,5,3,4,3,1,1,0,0,1,1,1,1,0,0,0,1,1,1,0,1,0,1,0,1,1,1,1,0,1,1,T2,17,4.0,4,3.17,3,3.12,5,4.0,5,3.54
124,Control,Ciencias,6,Engineering/Sciences,Femenino,2005,5,Básica,3,3,3,5,3,3,2,2,2,2,2,3,3,4,4,3,4,4,4,4,2,2,3,3,2,2,1,1,1,0,1,0,0,0,0,1,0,0,1,1,1,1,1,1,0,1,1,0,0,0,0,0,T2,13,3.33,4,2.17,1,3.75,7,2.33,1,2.96
125,Control,Arte y Humanidades,7,Social Sciences/Education,Femenino,2001,8,Ninguna,1,1,2,2,1,1,1,1,1,1,2,1,1,3,2,1,2,2,3,3,1,1,1,1,3,1,1,0,0,0,0,0,1,0,0,0,0,0,1,0,0,0,0,1,0,0,0,0,0,0,0,0,T2,4,1.33,1,1.17,1,2.12,2,1.33,0,1.54
126,Control,Ingeniería,5,Engineering/Sciences,Masculino,2004,7,Intermedia,3,2,4,2,3,4,4,3,5,5,3,3,2,2,3,1,1,3,2,4,5,3,3,1,2,2,1,1,0,0,0,0,1,1,1,1,0,0,1,1,0,0,1,0,0,0,1,1,0,1,1,0,T2,13,3.0,2,3.83,4,2.25,3,2.67,4,2.88
127,Control,Ingeniería,5,Engineering/Sciences,Femenino,2005,7,Básica,2,2,2,4,1,4,2,2,3,2,4,2,2,4,1,2,1,2,2,3,3,3,3,2,2,1,1,0,0,1,0,0,1,0,0,0,0,0,0,0,0,0,0,0,0,0,0,0,1,0,0,0,T2,4,2.5,2,2.5,1,2.12,0,2.33,1,2.35
128,Control,Ingeniería,5,Engineering/Sciences,Masculino,2002,7,Básica,2,3,2,3,3,5,1,1,1,1,2,1,3,3,4,4,3,3,2,3,2,4,2,1,4,1,1,0,0,1,0,0,1,1,0,0,0,0,0,0,0,1,0,0,0,0,1,1,0,0,0,0,T2,7,3.0,2,1.17,2,3.12,1,2.33,2,2.46
129,Control,Educación,7,Social Sciences/Education,Masculino,2004,7,Intermedia,4,2,5,3,4,4,3,1,2,2,4,2,3,5,3,4,3,4,4,5,3,3,5,3,4,2,1,1,1,1,1,0,0,0,0,0,0,0,1,0,0,0,1,0,1,1,1,0,1,0,0,1,T2,12,3.67,5,2.33,0,3.88,4,3.33,3,3.35
130,Control,Ciencias,6,Engineering/Sciences,Femenino,2003,4,Básica,3,2,2,2,5,3,1,2,1,1,2,2,3,3,5,4,3,5,1,3,3,3,3,3,4,3,1,1,1,0,0,0,0,0,0,0,0,0,1,1,0,1,1,0,0,0,1,0,1,0,0,0,T2,9,2.83,3,1.5,0,3.38,4,3.17,2,2.77
131,Control,Ciencias Sociales,8,Social Sciences/Education,Femenino,2002,4,Ninguna,1,1,1,1,1,1,1,1,1,1,1,1,1,3,1,1,1,1,2,1,2,1,1,1,1,3,0,0,0,0,0,0,0,0,0,0,0,0,0,1,0,0,0,0,0,0,0,0,0,0,0,0,T2,1,1.0,0,1.0,0,1.38,1,1.5,0,1.23
132,Control,Ingeniería,5,Engineering/Sciences,Masculino,2004,5,Avanzada,5,5,4,4,2,4,4,5,4,5,5,4,5,1,3,3,1,3,3,3,5,4,2,4,4,3,1,1,1,1,1,0,1,1,1,1,1,0,1,0,1,0,0,1,0,0,0,1,1,0,1,1,T2,17,4.0,5,4.5,5,2.75,3,3.67,4,3.65
133,Control,Ingeniería,5,Engineering/Sciences,Femenino,2004,8,Básica,3,1,5,4,2,2,1,1,1,1,2,1,2,4,4,3,4,3,1,1,2,2,1,3,1,1,1,0,1,0,0,0,1,0,0,0,0,0,1,0,0,0,0,0,0,1,1,0,0,0,0,0,T2,6,2.83,2,1.17,1,2.75,2,1.67,1,2.15
134,Control,Ciencias Sociales,8,Social Sciences/Education,Masculino,2005,4,Básica,2,1,1,2,3,3,2,1,2,2,1,1,3,3,2,3,3,4,1,2,2,1,2,3,1,3,1,0,0,0,0,0,1,0,1,0,0,0,1,1,1,1,0,0,0,0,1,0,1,0,0,0,T2,9,2.0,1,1.5,2,2.62,4,2.0,2,2.08
135,Control,Ciencias de la Salud,6,Engineering/Sciences,Femenino,2003,3,Básica,2,2,2,2,1,2,2,1,1,2,1,1,4,4,5,3,4,2,2,1,1,2,3,1,5,2,0,1,0,0,0,0,0,0,1,0,0,0,1,1,1,1,1,0,0,0,1,0,1,0,0,0,T2,9,1.83,1,1.33,1,3.12,5,2.33,2,2.23
136,Control,Ciencias,6,Engineering/Sciences,Femenino,1998,5,Básica,2,5,2,1,3,4,2,1,1,2,4,4,4,4,5,2,5,4,4,4,3,5,1,4,3,4,1,0,1,0,0,0,1,0,0,0,0,0,1,1,1,1,0,0,1,0,1,1,0,1,0,0,T2,11,2.83,2,2.33,1,4.0,5,3.33,3,3.19
137,Control,Ingeniería,5,Engineering/Sciences,Masculino,2003,6,Avanzada,1,2,2,1,1,3,1,1,3,1,1,1,4,3,2,1,1,5,5,4,2,1,1,1,1,1,0,1,1,0,0,0,0,0,0,0,0,0,1,0,0,1,1,1,0,0,0,0,0,0,0,0,T2,6,1.67,2,1.33,0,3.12,4,1.17,0,1.92
138,Control,Ciencias,6,Engineering/Sciences,Masculino,2002,4,Intermedia,2,1,1,1,2,5,1,1,2,1,1,2,3,1,1,3,2,1,2,1,2,1,1,4,1,2,0,1,1,0,0,0,1,0,0,0,0,0,0,1,1,0,0,0,0,0,1,0,0,0,0,0,T2,6,2.0,2,1.33,1,1.75,2,1.83,1,1.73
139,Control,Educación,7,Social Sciences/Education,Masculino,2005,1,Básica,3,2,4,1,1,5,1,5,2,1,2,2,3,5,2,5,4,5,1,1,2,1,1,1,1,2,1,1,0,1,0,0,0,0,0,0,0,1,1,1,0,1,1,0,0,0,0,0,0,0,0,1,T2,9,2.67,3,2.17,1,3.25,4,1.33,1,2.42
140,Control,Ciencias,6,Engineering/Sciences,Femenino,2005,5,Básica,2,1,1,2,3,2,3,2,2,1,3,3,2,3,3,2,3,3,4,3,1,2,2,4,2,1,0,1,0,0,1,0,1,0,0,0,0,0,1,0,0,0,0,1,0,1,0,0,0,0,0,0,T2,6,1.83,2,2.33,1,2.88,3,2.0,0,2.31
141,Control,Ciencias Sociales,8,Social Sciences/Education,Femenino,2002,9,Avanzada,4,4,3,4,1,3,5,5,4,5,5,5,5,4,4,4,5,4,5,5,3,5,5,4,5,5,0,1,1,0,0,0,1,1,1,1,1,1,1,1,1,0,1,0,1,0,1,1,1,0,1,1,T2,18,3.17,2,4.83,6,4.5,5,4.5,5,4.27
142,Control,Ciencias Sociales,8,Social Sciences/Education,Masculino,2000,1,Ninguna,4,4,5,3,3,4,1,1,2,1,2,1,2,3,2,1,2,3,3,1,1,2,1,3,2,2,1,1,1,0,1,1,0,0,0,0,0,0,0,0,0,0,0,0,1,0,1,0,1,0,0,0,T2,8,3.83,5,1.33,0,2.12,1,1.83,2,2.27
143,Control,Ingeniería,5,Engineering/Sciences,Masculino,2002,7,Intermedia,1,1,1,1,2,2,1,2,1,1,2,2,4,1,3,1,2,2,2,1,2,4,2,2,3,4,0,0,0,0,0,0,0,0,0,0,0,0,0,1,0,0,0,0,0,0,1,0,0,0,0,1,T2,3,1.33,0,1.5,0,2.0,1,2.83,2,1.92
144,Control,Ingeniería,5,Engineering/Sciences,Masculino,2003,6,Intermedia,5,4,3,3,2,3,1,2,1,2,2,2,2,4,5,4,3,4,2,3,1,1,3,1,2,3,1,0,0,1,0,0,0,0,0,0,1,0,1,1,1,0,0,1,1,0,0,1,1,0,0,0,T2,10,3.33,2,1.67,1,3.38,5,1.83,2,2.62
145,Control,Arte y Humanidades,7,Social Sciences/Education,Masculino,1998,3,Básica,5,3,4,3,4,2,4,5,4,2,4,3,2,5,3,4,3,4,5,4,4,4,4,5,4,3,1,1,1,1,0,0,1,0,1,0,0,0,1,0,1,1,1,1,1,0,1,1,1,0,0,1,T2,16,3.5,4,3.67,2,3.75,6,4.0,4,3.73
146,Control,Educación,7,Social Sciences/Education,Masculino,2000,3,Ninguna,4,2,2,2,3,2,2,2,4,3,1,1,4,3,5,4,4,5,5,4,5,3,5,5,4,3,0,1,0,1,0,0,0,0,0,0,0,1,1,1,1,1,1,1,0,1,1,1,1,1,0,1,T2,15,2.5,2,2.17,1,4.25,7,4.17,5,3.35
147,Control,Ciencias Sociales,8,Social Sciences/Education,Femenino,2001,6,Básica,2,4,5,4,3,4,3,4,2,3,3,4,3,4,4,3,3,3,2,3,2,3,4,4,2,3,1,0,1,0,0,0,0,1,0,0,0,1,1,0,0,1,0,0,0,0,1,0,1,0,0,0,T2,8,3.67,2,3.17,2,3.12,2,3.0,2,3.23
148,Control,Ingeniería,5,Engineering/Sciences,Femenino,1999,3,Ninguna,3,3,4,3,1,5,1,5,5,5,1,4,4,3,2,4,4,1,5,4,4,5,4,4,5,4,0,1,1,0,0,0,1,1,1,1,0,0,0,1,1,1,1,0,0,0,1,1,1,1,1,1,T2,16,3.17,2,3.5,4,3.38,4,4.33,6,3.58
149,Control,Ciencias Sociales,8,Social Sciences/Education,Femenino,2001,9,Básica,4,4,5,4,5,4,3,4,2,3,3,4,5,5,4,3,5,5,5,5,3,4,5,2,4,5,1,1,1,1,1,1,0,0,0,0,0,0,1,1,1,1,1,1,0,0,1,1,1,1,1,0,T2,17,4.33,6,3.17,0,4.62,6,3.83,5,4.04
150,Control,Arte y Humanidades,7,Social Sciences/Education,Masculino,2003,3,Básica,3,2,2,1,1,4,1,1,1,1,2,2,1,3,3,2,3,1,2,2,4,4,3,3,3,2,1,0,0,1,0,0,0,0,0,0,0,1,1,1,1,1,0,0,0,0,1,1,0,1,0,0,T2,10,2.17,2,1.33,1,2.12,4,3.17,3,2.19
