"Endogena","Predictor","beta_std","SE","p","IC95_inf","IC95_sup"
"Improvement","D1",0.1134,0.0818,0.1657,-0.047,0.2737
"Improvement","D2",0.0355,0.1224,0.7721,-0.2045,0.2754
"Improvement","D3",0.0637,0.0666,0.3387,-0.0668,0.1943
"Improvement","D4",0.0404,0.1074,0.7069,-0.1702,0.2509
"Improvement","Group",0.8449,0.0183,0,0.809,0.8807
"Knowledge","D1",0.354,0.0589,0,0.2385,0.4695
"Knowledge","D2",0.1655,0.1046,0.1137,-0.0395,0.3705
"Knowledge","D3",0.2341,0.0579,1e-04,0.1205,0.3476
"Knowledge","D4",0.3113,0.1017,0.0022,0.112,0.5106
